molecule_chembl_id;canonical_smiles;standard_value;clase
CHEMBL5194719;COc1ccc(/C=C\C(=O)c2ccc(Br)c3cc(-c4ccc(F)cc4)oc23)cc1;0.0551;active
CHEMBL5203711;O=C(/C=C\c1ccc(OC(F)(F)F)cc1)c1ccc(Br)c2cc(-c3ccc(F)cc3)oc12;0.176;active
CHEMBL39541;CC[C@H](C)[C@@H]([C@@H](CC(=O)N1CCC[C@H]1[C@H](OC)[C@@H](C)C(=O)N[C@@H](Cc1ccccc1)c1nccs1)OC)N(C)C(=O)[C@@H](NC(=O)[C@H](C(C)C)N(C)C)C(C)C;0.5;active
CHEMBL3086414;Cc1nc(-c2ccccc2)c(C(=O)N2CCN(c3cccc(C)c3C)CC2)o1;0.53;active
CHEMBL3086392;Cc1nc(-c2ccccc2)c(C(=O)N2CCN(c3ccccc3)CC2)o1;0.62;active
CHEMBL3086418;Cc1nc(-c2ccccc2)c(C(=O)N2CCN(c3cc(Cl)cc(Cl)c3)CC2)o1;0.67;active
CHEMBL3086441;COc1cc(OC)cc(N2CCN(C(=O)c3oc(C)nc3-c3ccccc3F)CC2)c1;0.71;active
CHEMBL3086438;Cc1nc(-c2ccccc2F)c(C(=O)N2CCN(c3cc(Cl)cc(Cl)c3)CC2)o1;0.73;active
CHEMBL3086439;Cc1nc(-c2cccc(F)c2)c(C(=O)N2CCN(c3cc(Cl)cc(Cl)c3)CC2)o1;0.77;active
CHEMBL542922;COc1ccc(/C=C\c2cc(OC)c(OC)c(OC)c2)cc1N.Cl;1.01;active
CHEMBL5169466;CC[C@H](C)[C@@H]([C@@H](CC(=O)N1CCC[C@H]1[C@H](OC)[C@@H](C)C(=O)NCCc1ccccn1)OC)N(C)C(=O)[C@@H](NC(=O)[C@H](C(C)C)N(C)C)C(C)C;1.2;active
CHEMBL4575066;CC(C)(C)c1[nH]cnc1/C=c1\[nH]c(=O)/c(=C/C(=O)c2ccccc2)[nH]c1=O;1.4;active
CHEMBL2024544;CC(C)(C)c1[nH]cnc1/C=c1\[nH]c(=O)/c(=C/c2cc(F)ccc2F)[nH]c1=O;2.6;active
CHEMBL94657;C/C(=C\c1csc(C)n1)[C@@H]1C[C@@H]2O[C@]2(C)CCC[C@H](C)[C@H](O)[C@@H](C)C(=O)C(C)(C)[C@@H](O)CC(=O)O1;3.5;active
CHEMBL5197739;CC[C@H](C)[C@@H]([C@@H](CC(=O)OC(C)(C)C)OC)N(C)C(=O)[C@@H](NC(=O)[C@H](C(C)C)N(C)C)C(C)C;4.2;active
CHEMBL498271;C=C(c1ccc(OC)c(O)c1)c1cc(OC)c(OC)c(OC)c1;6.0;active
CHEMBL4778826;COc1ccc(/C=C/C(=O)c2nnn(-c3ccc(Cl)cc3)c2C)cc1OC;9.77;active
CHEMBL204241;c1ccc(CNc2ccccc2-c2cnc(Nc3ccc4c(c3)OCCO4)o2)nc1;10.0;active
CHEMBL2369093;CCCCCC(NC(=O)[C@@]1(O)[C@H](O)[C@]2(CC)C=CCN3CC[C@@]4(c5cc([C@@]6(C(=O)OC)C[C@@H]7CN(CCc8c6[nH]c6ccccc86)C[C@](O)(CC)C7)c(OC)cc5N(C)[C@@H]14)[C@@H]32)P(=O)(OCC)OCC;20.0;active
CHEMBL5183440;COc1ccc(N(C)c2cc(C#N)nc3ccccc23)cc1/C=C/C(=O)NO;20.0;active
CHEMBL381122;c1ccc(CNc2ncccc2-c2nnc(Nc3ccc4c(c3)OCO4)o2)nc1;30.0;active
CHEMBL159;CC[C@]1(O)C[C@@H]2CN(CCc3c([nH]c4ccccc34)[C@@](C(=O)OC)(c3cc4c(cc3OC)N(C)[C@H]3[C@@](O)(C(=O)OC)[C@H](OC(C)=O)[C@]5(CC)C=CCN6CC[C@]43[C@@H]65)C2)C1;70.0;active
CHEMBL2369084;CCOP(=O)(OCC)C(Cc1ccccc1)NC(=O)[C@@]1(O)[C@H](O)[C@]2(CC)C=CCN3CC[C@@]4(c5cc([C@@]6(C(=O)OC)C[C@@H]7CN(CCc8c6[nH]c6ccccc86)C[C@](O)(CC)C7)c(OC)cc5N(C)[C@@H]14)[C@@H]32;70.0;active
CHEMBL381049;c1ccc(CNc2ccsc2-c2nnc(Nc3ccc4c(c3)OCCO4)o2)nc1;75.0;active
CHEMBL2369081;CCOP(=O)(OCC)[C@@H](C)NC(=O)[C@@]1(O)[C@H](O)[C@]2(CC)C=CCN3CC[C@@]4(c5cc([C@@]6(C(=O)OC)C[C@@H]7CN(CCc8c6[nH]c6ccccc86)C[C@](O)(CC)C7)c(OC)cc5N(C)[C@@H]14)[C@@H]32;80.0;active
CHEMBL5206193;O=C(Nc1ccccc1C(=O)N/N=C/c1ccc(O)cc1O)c1ccco1;87.6;active
CHEMBL2369090;CCOP(=O)(OCC)C(C)NC(=O)[C@@]1(O)[C@H](O)[C@]2(CC)C=CCN3CC[C@@]4(c5cc([C@@]6(C(=O)OC)C[C@@H]7CN(CCc8c6[nH]c6ccccc86)C[C@](O)(CC)C7)c(OC)cc5N(C)[C@@H]14)[C@@H]32;100.0;active
CHEMBL2369086;CCOP(=O)(OCC)[C@H](Cc1c[nH]c2ccccc12)NC(=O)[C@@]1(O)[C@H](O)[C@]2(CC)C=CCN3CC[C@@]4(c5cc([C@@]6(C(=O)OC)C[C@@H]7CN(CCc8c6[nH]c6ccccc86)C[C@](O)(CC)C7)c(OC)cc5N(C)[C@@H]14)[C@@H]32;100.0;active
CHEMBL2369089;CCOP(=O)(OCC)[C@@H](Cc1c[nH]c2ccccc12)NC(=O)[C@@]1(O)[C@H](O)[C@]2(CC)C=CCN3CC[C@@]4(c5cc([C@@]6(C(=O)OC)C[C@@H]7CN(CCc8c6[nH]c6ccccc86)C[C@](O)(CC)C7)c(OC)cc5N(C)[C@@H]14)[C@@H]32;100.0;active
CHEMBL1782692;NS(=O)(=O)c1ccc(NC(=O)c2ccccc2NC(=O)c2ccco2)cc1;108.4;intermediate
CHEMBL378544;CC[C@]1(O)C[C@@H]2CN(CCc3c([nH]c4ccccc34)[C@@](C(=O)OC)(c3cc4c(cc3OC)N(C)[C@H]3[C@@](O)(C(=O)OC)[C@H](OC(C)=O)[C@]5(CC)C=CCN6CC[C@]43[C@@H]65)C2)C1.O=S(=O)(O)O;130.0;intermediate
CHEMBL202930;COc1cc(-c2ccc3c(c2)NC(=O)/C3=C\c2ccc[nH]2)ccc1O;130.0;intermediate
CHEMBL376464;CC[C@]1(O)C[C@H]2CN(CCc3c([nH]c4ccccc34)[C@@](C(=O)OC)(c3cc4c(cc3OC)N(C)[C@H]3[C@@](O)(C(=O)OC)[C@H](OC(C)=O)[C@]5(CC)C=CCN6CC[C@]43[C@@H]65)C2)C1.O=S(=O)(O)O;150.0;intermediate
CHEMBL4761168;COc1cc(Cc2nnc(S)n2/N=C\c2cccc(Cl)c2Cl)cc(OC)c1OC;170.0;intermediate
CHEMBL205166;c1ccc(CNc2ncccc2-c2nnc(Nc3ccc4c(c3)OCCO4)o2)nc1;190.0;intermediate
CHEMBL2369091;CCOP(=O)(OCC)[C@H](C)NC(=O)[C@@]1(O)[C@H](O)[C@]2(CC)C=CCN3CC[C@@]4(c5cc([C@@]6(C(=O)OC)C[C@@H]7CN(CCc8c6[nH]c6ccccc86)C[C@](O)(CC)C7)c(OC)cc5N(C)[C@@H]14)[C@@H]32;200.0;intermediate
CHEMBL2369088;CCOC(=O)C(Cc1c[nH]c2ccccc12)NC(=O)[C@@]1(O)[C@H](O)[C@]2(CC)C=CCN3CC[C@@]4(c5cc([C@@]6(C(=O)OC)C[C@@H]7CN(CCc8c6[nH]c6ccccc86)C[C@](O)(CC)C7)c(OC)cc5N(C)[C@@H]14)[C@@H]32;200.0;intermediate
CHEMBL374257;COc1cc(C(=O)c2n[nH]c3c(C#CCO)c(OC)ccc23)cc(OC)c1OC;240.0;intermediate
CHEMBL578405;COc1ccc([C@@H]2C[C@@H]2c2cc(OC)c(OC)c(OC)c2)cc1O;300.0;intermediate
CHEMBL2369078;C=CCC(NC(=O)[C@@]1(O)[C@H](O)[C@]2(CC)C=CCN3CC[C@@]4(c5cc([C@@]6(C(=O)OC)C[C@@H]7CN(CCc8c6[nH]c6ccccc86)C[C@](O)(CC)C7)c(OC)cc5N(C)[C@@H]14)[C@@H]32)P(=O)(OCC)OCC;300.0;intermediate
CHEMBL2369080;CCOP(=O)(OCC)C(NC(=O)[C@@]1(O)[C@H](O)[C@]2(CC)C=CCN3CC[C@@]4(c5cc([C@@]6(C(=O)OC)C[C@@H]7CN(CCc8c6[nH]c6ccccc86)C[C@](O)(CC)C7)c(OC)cc5N(C)[C@@H]14)[C@@H]32)C(C)C;300.0;intermediate
CHEMBL388562;CC(=O)O[C@@]12COC1C[C@H](O)[C@@]1(C)C(=O)[C@H](O)C3=C(C)[C@@H](OC(=O)[C@H](O)[C@@H](NC(=O)N[C@H](C(=O)N4CCC[C@H]4C(=O)NCC(=O)NCC(=O)OCc4ccccc4)C(C)C)c4ccccc4)C[C@@](O)([C@@H](OCc4ccccc4)C21)C3(C)C;300.0;intermediate
CHEMBL2369096;CCOC(=O)CC(NC(=O)[C@@]1(O)[C@H](O)[C@]2(CC)C=CCN3CC[C@@]4(c5cc([C@@]6(C(=O)OC)C[C@@H]7CN(CCc8c6[nH]c6ccccc86)C[C@](O)(CC)C7)c(OC)cc5N(C)[C@@H]14)[C@@H]32)P(=O)(OCC)OCC;300.0;intermediate
CHEMBL2369087;CCOP(=O)(CNC(=O)[C@@]1(O)[C@H](O)[C@]2(CC)C=CCN3CC[C@@]4(c5cc([C@@]6(C(=O)OC)C[C@@H]7CN(CCc8c6[nH]c6ccccc86)C[C@](O)(CC)C7)c(OC)cc5N(C)[C@@H]14)[C@@H]32)OCC;300.0;intermediate
CHEMBL4545705;COc1cc(C(=O)c2cn(-c3cccc(C)c3)cc2-c2ccc(N)cc2)cc(OC)c1OC;330.0;intermediate
CHEMBL4585046;COc1cc(C(=O)c2cn(-c3ccc(C)cc3)cc2-c2ccc(N)cc2)cc(OC)c1OC;360.0;intermediate
CHEMBL4536640;COc1cc(C(=O)c2cn(-c3ccc(N)cc3)cc2-c2ccc(N)cc2)cc(OC)c1OC;380.0;intermediate
CHEMBL4286471;COc1cc(C(=O)c2c[nH]c3cc(-c4cccs4)ccc23)cc(OC)c1OC;380.0;intermediate
CHEMBL4854277;COc1cc(C(=O)c2cn(-c3ccc(F)cc3)cc2-c2ccoc2)cc(OC)c1OC;380.0;intermediate
CHEMBL383065;c1cnc(NCC2CCCO2)c(-c2nnc(Nc3ccc4c(c3)OCCO4)o2)c1;390.0;intermediate
CHEMBL4864675;COc1cc(C(=O)c2cn(-c3ccc(C)cc3)cc2-c2ccsc2)cc(OC)c1OC;390.0;intermediate
CHEMBL203974;c1ccc(CNc2ccccc2-c2nnc(Nc3ccc4c(c3)OCCO4)o2)nc1;390.0;intermediate
CHEMBL2425492;COc1cc(-c2ncoc2-c2ccc(OC)c3[nH]cnc23)cc(OC)c1OC;390.0;intermediate
CHEMBL229110;COc1cc(C2C(C#N)=C(N)Oc3c2ccc2[nH]ccc32)cc(Br)c1OC;400.0;intermediate
CHEMBL373137;COc1cc(C2C(C#N)=C(N)Oc3cc(N(C)C)ccc32)cc2c1OCO2;400.0;intermediate
CHEMBL224542;CC(=O)O[C@@]12COC1C[C@H](O)[C@@]1(C)C(=O)[C@H](O)C3=C(C)[C@@H](OC(=O)[C@H](O)[C@@H](NC(=O)N[C@H](C(=O)N4CCC[C@H]4C(=O)NCC(=O)OCc4ccccc4)C(C)C)c4ccccc4)C[C@@](O)([C@@H](OCc4ccccc4)C21)C3(C)C;400.0;intermediate
CHEMBL2369079;CCOP(=O)(OCC)[C@@H](NC(=O)[C@@]1(O)[C@H](O)[C@]2(CC)C=CCN3CC[C@@]4(c5cc([C@@]6(C(=O)OC)C[C@@H]7CN(CCc8c6[nH]c6ccccc86)C[C@](O)(CC)C7)c(OC)cc5N(C)[C@@H]14)[C@@H]32)C(C)C;400.0;intermediate
CHEMBL4562168;COc1cc(C(=O)c2cn(-c3ccc(F)cc3)cc2-c2cccc(N)c2)cc(OC)c1OC;410.0;intermediate
CHEMBL4864923;CCOc1ccc(N(C)c2nc(Cl)nc3cnn(C)c23)cc1;420.0;intermediate
CHEMBL4878768;COc1ccc2c(c1)CCCN2c1nc(Cl)nc2cnn(C)c12;420.0;intermediate
CHEMBL4873209;COc1cc(C(=O)c2cn(-c3cccc(C)c3)cc2-c2ccoc2)cc(OC)c1OC;420.0;intermediate
CHEMBL4566171;COc1cc(C(=O)c2cn(-c3ccc(C)cc3)cc2-c2cccc(N)c2)cc(OC)c1OC;420.0;intermediate
CHEMBL4848963;COc1cc(C(=O)c2cn(-c3ccc(C)cc3)cc2-c2ccncc2)cc(OC)c1OC;440.0;intermediate
CHEMBL15778;COc1cccc(-c2cc(O)c3cc(N4CCCC4)ccc3n2)c1;440.0;intermediate
CHEMBL4475841;COc1cccc(-c2cn(-c3ccccc3)cc2C(=O)c2cc(OC)c(OC)c(OC)c2)c1;450.0;intermediate
CHEMBL4875613;COc1ccc(N(C)c2nc(Cl)nc3cnn(C)c23)cc1;450.0;intermediate
CHEMBL4878868;COc1cc(C(=O)c2cn(-c3ccc(C)cc3)cc2-c2ccco2)cc(OC)c1OC;460.0;intermediate
CHEMBL4845944;COc1cc(C(=O)c2cn(-c3ccc(C)cc3)cc2-c2ccccn2)cc(OC)c1OC;460.0;intermediate
CHEMBL4847641;COc1cc(C(=O)c2cn(-c3ccc(C)cc3)cc2-c2ccoc2)cc(OC)c1OC;470.0;intermediate
CHEMBL4559506;COc1cc(C(=O)c2cn(-c3cccc(N)c3)cc2-c2ccc(N)cc2)cc(OC)c1OC;470.0;intermediate
CHEMBL4293692;COc1cc(Sc2c[nH]c3cc(-c4cccs4)ccc23)cc(OC)c1OC;470.0;intermediate
CHEMBL4857244;COc1cc(C(=O)c2cn(-c3ccc(F)cc3)cc2-c2ccco2)cc(OC)c1OC;470.0;intermediate
CHEMBL4116552;COc1ccc(N(C)c2nc(C)nc3c(Cc4ccccc4)cn(C)c23)cc1;480.0;intermediate
CHEMBL4526074;COc1cc(C(=O)c2cn(-c3ccc(C)cc3)cc2-c2ccccc2Cl)cc(OC)c1OC;480.0;intermediate
CHEMBL4516294;COc1ccc(-c2cn(-c3ccccc3)cc2C(=O)c2cc(OC)c(OC)c(OC)c2)cc1;480.0;intermediate
CHEMBL4857653;COc1cc(C(=O)c2cn(-c3cccc(C)c3)cc2-c2nccs2)cc(OC)c1OC;490.0;intermediate
CHEMBL4870429;COc1cccc2cc(N(C)c3nc(Cl)nc4cnn(C)c34)ccc12;490.0;intermediate
CHEMBL3393099;COc1ccc(/C=C/C(=O)c2ccccc2-c2cccc(F)c2)cc1O;490.0;intermediate
CHEMBL224082;CC(=O)O[C@@]12COC1C[C@H](O)[C@@]1(C)C(=O)[C@H](O)C3=C(C)[C@@H](OC(=O)[C@H](O)[C@@H](NC(=O)N[C@H](C(=O)N4CCC[C@H]4C(=O)OCc4ccccc4)C(C)C)c4ccccc4)C[C@@](O)([C@@H](OCc4ccccc4)C21)C3(C)C;500.0;intermediate
CHEMBL90555;CC[C@]1(O)C[C@H]2CN(CCc3c([nH]c4ccccc34)[C@@](C(=O)OC)(c3cc4c(cc3OC)N(C=O)[C@H]3[C@@](O)(C(=O)OC)[C@H](OC(C)=O)[C@]5(CC)C=CCN6CC[C@]43[C@@H]65)C2)C1;500.0;intermediate
CHEMBL225259;CC(=O)O[C@@]12COC1C[C@H](O)[C@@]1(C)C(=O)[C@H](O)C3=C(C)[C@@H](OC(=O)C(O)[C@@H](NC(=O)N[C@H](C(=O)N4CCC[C@H]4C(=O)NCC(=O)NCC(=O)OCc4ccccc4)C(C)C)c4ccccc4)C[C@@](O)([C@@H](OC(=O)c4cccc([N+](=O)[O-])c4)C21)C3(C)C;500.0;intermediate
CHEMBL387904;CC(=O)O[C@@]12COC1C[C@H](O)[C@@]1(C)C(=O)[C@H](O)C3=C(C)[C@@H](OC(=O)[C@H](O)[C@@H](NC(=O)N[C@H](C(=O)N4CCC[C@H]4C(=O)NCC(=O)NCC(=O)O)C(C)C)c4ccccc4)C[C@@](O)([C@@H](OCc4ccccc4)C21)C3(C)C;500.0;intermediate
CHEMBL203642;c1cnc(NCc2ccc3c(c2)OCO3)c(-c2nnc(Nc3ccc4c(c3)OCCO4)o2)c1;500.0;intermediate
CHEMBL4586068;COc1cc(C(=O)c2cn(-c3ccc(F)cc3)cc2-c2ccc(N)cc2)cc(OC)c1OC;500.0;intermediate
CHEMBL4444616;COc1cc(C(=O)c2cn(-c3cccc(N)c3)cc2-c2ccccc2F)cc(OC)c1OC;500.0;intermediate
CHEMBL3545252;CC(=O)O[C@@]12CO[C@@H]1C[C@H](O)[C@@]1(C)C(=O)[C@H](O)C3=C(C)[C@@H](OC(=O)[C@H](O)[C@@H](NC(=O)OC(C)(C)C)c4ccccc4)C[C@@](O)([C@@H](OC(=O)c4ccccc4)[C@H]21)C3(C)C.O.O.O;500.0;intermediate
CHEMBL238102;COc1ccc(S(=O)(=O)Oc2c3ccccc3cc3sccc23)cc1;510.0;intermediate
CHEMBL4577436;COc1cc(C(=O)c2cn(-c3ccccc3)cc2-c2c(F)cc(F)cc2F)cc(OC)c1OC;510.0;intermediate
CHEMBL4549567;COc1cc(C(=O)c2cn(-c3ccc(F)cc3)cc2-c2ccccc2Cl)cc(OC)c1OC;510.0;intermediate
CHEMBL4866397;COc1cc(C(=O)c2cn(-c3cccc(C)c3)cc2-c2ccsc2)cc(OC)c1OC;520.0;intermediate
CHEMBL4450761;COc1cc(C(=O)c2cn(-c3ccc(N)cc3)cc2-c2ccccc2[N+](=O)[O-])cc(OC)c1OC;520.0;intermediate
CHEMBL4471770;COc1ccccc1-c1cn(-c2ccccc2)cc1C(=O)c1cc(OC)c(OC)c(OC)c1;550.0;intermediate
CHEMBL4875751;COc1cc(C(=O)c2cn(-c3ccc(F)cc3)cc2-c2ccsc2)cc(OC)c1OC;550.0;intermediate
CHEMBL49847;COc1cc2c(c(OC)c1OC)-c1ccc(SC)c(=O)cc1[C@@H](OC(=O)c1ccncc1)CC2;560.0;intermediate
CHEMBL392633;COc1ccc(S(=O)(=O)Oc2c3ccccc3cc3ccccc23)cc1;560.0;intermediate
CHEMBL4862699;COc1cc(C(=O)c2cn(-c3cccc(C)c3)cc2-c2ccco2)cc(OC)c1OC;560.0;intermediate
CHEMBL4867095;COc1cc(C(=O)c2cn(-c3ccc(F)cc3)cc2-c2cccnc2)cc(OC)c1OC;560.0;intermediate
CHEMBL4854386;COc1cc(C(=O)c2cn(-c3ccc(C)cc3)cc2-c2nccs2)cc(OC)c1OC;560.0;intermediate
CHEMBL4280053;COc1cc(Sc2c[nH]c3c(-c4cccs4)cccc23)cc(OC)c1OC;570.0;intermediate
CHEMBL4854987;COc1cc(C(=O)c2cn(-c3ccc(F)cc3)cc2-c2ccncc2)cc(OC)c1OC;580.0;intermediate
CHEMBL5188659;C=C(c1cc(OC)c(OC)c(OC)c1)c1ccc(OC)c(O)c1NC(=O)CO;580.0;intermediate
CHEMBL4278554;COc1cc(Sc2c[nH]c3cc(-c4ccsc4)ccc23)cc(OC)c1OC;580.0;intermediate
CHEMBL4452086;COc1cc(C(=O)c2cn(-c3ccc(N)cc3)cc2-c2ccccc2F)cc(OC)c1OC;590.0;intermediate
CHEMBL4282273;COc1cc(Sc2c[nH]c3cc(-c4ccco4)ccc23)cc(OC)c1OC;590.0;intermediate
CHEMBL4856000;COc1cc(C(=O)c2cn(-c3cccc(C)c3)cc2-c2ccncc2)cc(OC)c1OC;590.0;intermediate
CHEMBL218429;COc1ccc(/C=C(\F)C(=O)c2cc(OC)c(OC)c(OC)c2)cc1O;600.0;intermediate
CHEMBL99988;COc1ccc(C(=O)c2cc(OC)c(OC)c(OC)c2)cc1N;600.0;intermediate
CHEMBL3263403;COc1ccc(C(=O)c2cc(OC)c(OC)c(OC)c2)cc1NC(=O)/C=C/c1ccc(F)cc1;600.0;intermediate
CHEMBL390328;CC(=O)O[C@@]12COC1C[C@H](O)[C@@]1(C)C(=O)[C@H](O)C3=C(C)[C@@H](OC(=O)C(O)C(NC(=O)N[C@H](C(=O)N4CCC[C@H]4C(=O)NCC(=O)O)C(C)C)c4ccccc4)C[C@@](O)([C@@H](OCc4ccccc4)C21)C3(C)C;600.0;intermediate
CHEMBL368670;COc1cc2c(c(OC)c1OC)-c1ccc(SC)c(=O)cc1[C@@H](OC(C)=O)CC2;600.0;intermediate
CHEMBL4289894;COc1cc(C(=O)c2c[nH]c3cc(-c4ccsc4)ccc23)cc(OC)c1OC;600.0;intermediate
CHEMBL4283098;COc1cc(C(=O)c2c[nH]c3cc(-c4ccoc4)ccc23)cc(OC)c1OC;610.0;intermediate
CHEMBL4528049;COc1cc(C(=O)c2cn(-c3ccc(C)cc3)cc2-c2ccccc2[N+](=O)[O-])cc(OC)c1OC;610.0;intermediate
CHEMBL4464133;COc1cc(C(=O)c2cn(-c3cccc(N)c3)cc2-c2ccccc2Cl)cc(OC)c1OC;630.0;intermediate
CHEMBL4519773;COc1cc(C(=O)c2cn(-c3ccccc3)cc2-c2ccccc2Cl)cc(OC)c1OC;630.0;intermediate
CHEMBL2369027;C=CC[C@@H](CC/C(C)=C/C=C/CC/C=C\[C@@H]1CSC([C@@H]2C[C@@H]2C)=N1)OCOC;640.0;intermediate
CHEMBL4858659;COc1cc(C(=O)c2cn(-c3ccc(C)cc3)cc2-c2cccnc2)cc(OC)c1OC;640.0;intermediate
CHEMBL426514;COc1cccc(-c2cc(N)c(C(=O)c3cc(OC)c(OC)c(OC)c3)s2)c1;640.0;intermediate
CHEMBL4282021;COc1cc(Sc2c[nH]c3c(-c4ccco4)cccc23)cc(OC)c1OC;640.0;intermediate
CHEMBL4549053;COc1cc(C(=O)c2cn(-c3ccc(C)cc3)cc2-c2ccc([N+](=O)[O-])cc2)cc(OC)c1OC;650.0;intermediate
CHEMBL18981;COc1cc2c(c(OC)c1OC)-c1ccc(SC)c(=O)cc1[C@@H](NC(C)=O)CC2;650.0;intermediate
CHEMBL4444918;COc1cc(C(=O)c2cn(-c3ccc(Br)cc3)cc2-c2ccccc2)cc(OC)c1OC;660.0;intermediate
CHEMBL4520006;COc1cc(C(=O)c2cn(-c3ccc(F)cc3)cc2-c2ccccc2F)cc(OC)c1OC;660.0;intermediate
CHEMBL4555531;COc1cc(C(=O)c2cn(-c3ccccc3)cc2-c2ccccc2Br)cc(OC)c1OC;670.0;intermediate
CHEMBL3600757;COc1ccc(S(=O)(=O)Nc2ccccc2-c2ccc(C#N)c(F)c2)cc1;670.0;intermediate
CHEMBL2369028;C=CC[C@H](CC/C(C)=C/C=C/CC/C=C\[C@@H]1CSC([C@@H]2C[C@@H]2C)=N1)OC;670.0;intermediate
CHEMBL398400;COc1ccc(-c2snnc2-c2cc(OC)c(OC)c(OC)c2)cc1N;680.0;intermediate
CHEMBL4434964;COc1cc(C(=O)c2cn(-c3ccc(F)cc3)cc2-c2ccccc2[N+](=O)[O-])cc(OC)c1OC;680.0;intermediate
CHEMBL553025;CCC1=C[C@@H]2CN(C1)Cc1c([nH]c3ccccc13)[C@@](C(=O)OC)(c1cc3c(cc1OC)N(C)[C@H]1[C@@](O)(C(=O)OC)[C@H](OC(C)=O)[C@]4(CC)C=CCN5CC[C@]31[C@@H]54)C2;700.0;intermediate
CHEMBL203755;Fc1ccc(CNc2ncccc2-c2nnc(Nc3ccc4c(c3)OCCO4)o2)cc1F;700.0;intermediate
CHEMBL233013;COc1ccc(-c2snnc2-c2cc(OC)c(OC)c(OC)c2)cc1O;700.0;intermediate
CHEMBL203062;c1cncc(CNc2ncccc2-c2nnc(Nc3ccc4c(c3)OCCO4)o2)c1;700.0;intermediate
CHEMBL3263404;COc1ccc(C(=O)c2cc(OC)c(OC)c(OC)c2)cc1NC(=O)/C=C/c1ccc(C(F)(F)F)cc1;700.0;intermediate
CHEMBL4443886;COc1cc(C(=O)c2cn(-c3ccc(N)cc3)cc2-c2ccccc2Cl)cc(OC)c1OC;710.0;intermediate
CHEMBL4586221;COc1cc(C(=O)c2cn(-c3cccc(C)c3)cc2-c2ccccc2Cl)cc(OC)c1OC;710.0;intermediate
CHEMBL4569885;COc1cc(Nc2ncnc3cc(-c4ccc(C)cc4)sc23)cc(OC)c1OC;710.0;intermediate
CHEMBL4543075;COc1cc(C(=O)c2cn(-c3cccc(N)c3)cc2-c2ccccc2[N+](=O)[O-])cc(OC)c1OC;710.0;intermediate
CHEMBL4464333;COc1cc(C(=O)c2cn(-c3ccc(C)cc3)cc2-c2cccc([N+](=O)[O-])c2)cc(OC)c1OC;710.0;intermediate
CHEMBL4863951;COc1cc(C(=O)c2cn(-c3ccc(C)cc3)cc2-c2ncco2)cc(OC)c1OC;720.0;intermediate
CHEMBL234244;COc1ccc(-c2snnc2-c2cc(OC)c(OC)c(OC)c2)cc1OC;720.0;intermediate
CHEMBL89138;C=CC[C@@H](CC/C(C)=C/C=C/CC/C=C\[C@@H]1CSC([C@@H]2C[C@@H]2C)=N1)OC;720.0;intermediate
CHEMBL4868699;COc1cc(C(=O)c2cn(-c3cccc(C)c3)cc2-c2ncco2)cc(OC)c1OC;720.0;intermediate
CHEMBL4438426;COc1cc(C(=O)c2cn(-c3ccccc3)cc2-c2ccccc2[N+](=O)[O-])cc(OC)c1OC;730.0;intermediate
CHEMBL4870805;COc1cc(C(=O)c2cn(-c3cccc(C)c3)cc2-c2cccnc2)cc(OC)c1OC;740.0;intermediate
CHEMBL1940258;COc1cc(Sc2c(-c3cccs3)[nH]c3ccccc23)cc(OC)c1OC;740.0;intermediate
CHEMBL4866837;COc1ccc(N(C)c2nc(Cl)nc3cnn(C)c23)cc1F;740.0;intermediate
CHEMBL22969;CC[C@]1(O)C[C@H]2CN(CCc3c([nH]c4ccccc34)[C@@](C(=O)OC)(c3cc4c(cc3OC)N(C)[C@H]3[C@@](O)(C(=O)OC)[C@H](OC(C)=O)[C@]5(CC)C=CCN6CC[C@]43[C@@H]65)C2)C1;740.0;intermediate
CHEMBL299279;C=CC[C@@H](CC/C(C)=C/C=C/CC/C=C\c1csc([C@@H]2C[C@@H]2C)n1)OC;740.0;intermediate
CHEMBL212832;COc1ccc(Nc2nc(-n3c(C)nc4ccccc43)cs2)cc1;750.0;intermediate
CHEMBL176684;COc1cc2c(c(OC)c1OC)-c1ccc(SC)c(=O)cc1[C@@H](O)CC2;750.0;intermediate
CHEMBL385659;Cc1ccc(Nc2nc(-n3ccnc3C)cs2)cc1;750.0;intermediate
CHEMBL368737;COc1cc2c(c(OC)c1OC)-c1ccc(SC)c(=O)cc1C(=O)CC2;760.0;intermediate
CHEMBL4294343;COc1cc(C(=O)c2c[nH]c3cc(-c4ccco4)ccc23)cc(OC)c1OC;760.0;intermediate
CHEMBL9514;COC(=O)Nc1nc2cc(C(=O)c3cccs3)ccc2[nH]1;760.0;intermediate
CHEMBL49518;COc1cc2c(c(OC)c1OC)-c1ccc(SC)c(=O)cc1[C@@H](OC(=O)c1cccnc1)CC2;760.0;intermediate
CHEMBL3126926;COc1ccc2c(c1)NC(=O)CN2c1nc(C)nc2ccccc12;770.0;intermediate
CHEMBL2369032;C=CC[C@@H](CC/C(C)=C/C=C/CC/C=C\[C@@H]1CSC([C@H]2C[C@@H]2C)=N1)OC;770.0;intermediate
CHEMBL4547968;COc1cc(C(=O)c2cn(-c3ccccc3)cc2-c2ccc(Br)cc2)cc(OC)c1OC;770.0;intermediate
CHEMBL4868298;COc1cc(C(=O)c2cn(-c3cccc(C)c3)cc2-c2ccccn2)cc(OC)c1OC;780.0;intermediate
CHEMBL4847168;COc1cc(C(=O)c2cn(-c3ccc(F)cc3)cc2-c2nccs2)cc(OC)c1OC;780.0;intermediate
CHEMBL2369025;C=CCC1(CC/C(C)=C/C=C/CC/C=C\[C@@H]2CSC([C@@H]3C[C@@H]3C)=N2)OCCO1;780.0;intermediate
CHEMBL4445457;COc1cc(C(=O)c2cn(-c3ccc(C)cc3)cc2-c2ccccc2F)cc(OC)c1OC;780.0;intermediate
CHEMBL4439584;COc1cc(C(=O)c2cn(-c3cccc(N)c3)cc2-c2ccc([N+](=O)[O-])cc2)cc(OC)c1OC;780.0;intermediate
CHEMBL4567934;COc1cc(C(=O)c2cn(-c3cccc(C)c3)cc2-c2ccccc2F)cc(OC)c1OC;790.0;intermediate
CHEMBL4549410;COc1cc(C(=O)c2cn(-c3ccccc3)cc2-c2ccccc2C)cc(OC)c1OC;790.0;intermediate
CHEMBL380060;COc1cc(C(=O)c2cc(-c3ccc(C)cc3)sc2N)cc(OC)c1OC;800.0;intermediate
CHEMBL375887;CC(=O)O[C@@]12COC1C[C@H](O)[C@@]1(C)C(=O)[C@H](O)C3=C(C)[C@@H](OC(=O)[C@H](O)[C@@H](NC(=O)N[C@H](C(=O)O)C(C)C)c4ccccc4)C[C@@](O)([C@@H](OCc4ccccc4)C21)C3(C)C;800.0;intermediate
CHEMBL426016;CC(=O)O[C@@]12COC1C[C@H](O)[C@@]1(C)C(=O)[C@H](O)C3=C(C)[C@@H](OC(=O)[C@H](O)[C@@H](NC(=O)N[C@H](C(=O)OCc4ccccc4)C(C)C)c4ccccc4)C[C@@](O)([C@@H](OCc4ccccc4)C21)C3(C)C;800.0;intermediate
CHEMBL2369082;CCOP(=O)(OCC)[C@H](NC(=O)[C@@]1(O)[C@H](O)[C@]2(CC)C=CCN3CC[C@@]4(c5cc([C@@]6(C(=O)OC)C[C@@H]7CN(CCc8c6[nH]c6ccccc86)C[C@](O)(CC)C7)c(OC)cc5N(C)[C@@H]14)[C@@H]32)C(C)C;800.0;intermediate
CHEMBL5190895;COc1ccc2c(/C=C(\C)C(=O)c3cc(OC)c(OC)c([Se]C)c3)c[nH]c2c1;810.0;intermediate
CHEMBL508496;C=CC[C@@H](CC/C(C)=C/C=C\CC/C=C\[C@@H]1CSC([C@@H]2C[C@@H]2C)=N1)OC;820.0;intermediate
CHEMBL4850863;COc1cc(C(=O)c2cn(-c3ccc(F)cc3)cc2-c2ccccn2)cc(OC)c1OC;820.0;intermediate
CHEMBL4856413;CSc1ccc(N(C)c2nc(Cl)nc3cnn(C)c23)cc1;820.0;intermediate
CHEMBL278779;COc1cc2nc3occc3c(OC)c2cc1OC;820.0;intermediate
CHEMBL18351;COc1ccc(-c2oc3c(OC)c(OC)c(OC)c(O)c3c(=O)c2OC)cc1O;830.0;intermediate
CHEMBL173603;CCCC(=O)O[C@H]1CCc2cc(OC)c(OC)c(OC)c2-c2ccc(SC)c(=O)cc21;850.0;intermediate
CHEMBL3604200;COc1ccc2c(c1)CCCN2c1nc(NCCCO)nc2ccccc12;850.0;intermediate
CHEMBL212515;COc1cc(C(=O)c2cc(-c3ccc(F)cc3)sc2N)cc(OC)c1OC;860.0;intermediate
CHEMBL3318106;COc1cc(C(=O)c2ccn(-c3cccc(NS(C)(=O)=O)c3)c2)cc(OC)c1OC;860.0;intermediate
CHEMBL243034;COc1ccc(-c2snnc2-c2cc(OC)c(OC)c(OC)c2)cc1;860.0;intermediate
CHEMBL233192;COc1ccc(-c2nnsc2-c2cc(OC)c(OC)c(OC)c2)cc1O;860.0;intermediate
CHEMBL3126760;COc1ccc2c(c1)CCCCN2c1nc(C)nc2ccccc12;870.0;intermediate
CHEMBL4293951;COc1cc(Sc2c[nH]c3ccc(-c4ccco4)cc23)cc(OC)c1OC;870.0;intermediate
CHEMBL264716;C=CC[C@H](O)CC/C(C)=C/C=C/CC/C=C\C1CSC([C@@H]2C[C@@H]2C)=N1;870.0;intermediate
CHEMBL4472168;COc1cc(C(=O)c2cn(-c3ccc(N)cc3)cc2-c2cccc(N)c2)cc(OC)c1OC;870.0;intermediate
CHEMBL173025;COc1cc2c(c(OC)c1OC)-c1ccc(SC)c(=O)cc1C(OC(=O)c1cccnc1)CC2;880.0;intermediate
CHEMBL4469894;COc1cc(C(=O)c2cn(-c3cccc(N)c3)cc2-c2cccc(N)c2)cc(OC)c1OC;880.0;intermediate
CHEMBL4174627;COc1ccc(-c2sc3cc(OC)ccc3c2Oc2cc(OC)c(OC)c(OC)c2)cc1;880.0;intermediate
CHEMBL3318112;COc1cc(C(=O)c2ccn(-c3ccc(C)cc3)c2)cc(OC)c1OC;900.0;intermediate
CHEMBL228768;COc1cc(C2C(C#N)=C(N)Oc3c2ccc2cc[nH]c32)cc(Br)c1OC;900.0;intermediate
CHEMBL4571506;COc1cc(C(=O)c2cn(-c3cccc(C)c3)cc2-c2cccc(N)c2)cc(OC)c1OC;910.0;intermediate
CHEMBL4117373;COc1ccc2c(c1)CCCN2c1nc(C)nc2c(Cc3ccccc3)cn(C)c12;910.0;intermediate
CHEMBL2369033;C=CCCC1=N[C@H](/C=C\CC/C=C/C=C(\C)CC[C@H](CC=C)OC)CS1;920.0;intermediate
CHEMBL2313489;COc1cc(Sc2c(-c3cn[nH]c3)[nH]c3ccccc23)cc(OC)c1OC;920.0;intermediate
CHEMBL2420868;CNc1nc(N2CCCc3cc(OC)ccc32)c2ccccc2n1;920.0;intermediate
CHEMBL2420867;COc1ccc2c(c1)CCCN2c1nc(Cl)nc2ccccc12;930.0;intermediate
CHEMBL4527126;COc1cc(C(=O)c2cn(-c3ccccc3)cc2-c2cccc([N+](=O)[O-])c2)cc(OC)c1OC;940.0;intermediate
CHEMBL2313462;COc1ccc(-c2[nH]c3ccccc3c2Sc2cc(OC)c(OC)c(OC)c2)cc1;940.0;intermediate
CHEMBL3126922;COc1ccc2c(c1)C(=O)CCN2c1nc(C)nc2ccccc12;940.0;intermediate
CHEMBL2313809;COc1cc(Sc2c(-c3ccc(C)cc3)[nH]c3ccccc23)cc(OC)c1OC;940.0;intermediate
CHEMBL3335084;COc1ccc(Cn2cc(C(=O)Nc3cc(/C=C\c4cc(OC)c(OC)c(OC)c4)cc(OC)c3OC)nn2)cc1;950.0;intermediate
CHEMBL3318111;COc1cc(C(=O)c2ccn(-c3cccc(C)c3)c2)cc(OC)c1OC;950.0;intermediate
CHEMBL2313472;COc1cc(Sc2c(-c3ccncc3)[nH]c3ccccc23)cc(OC)c1OC;950.0;intermediate
CHEMBL2313799;COc1cc(Sc2c(-c3nccs3)[nH]c3ccccc23)cc(OC)c1OC;960.0;intermediate
CHEMBL4562859;COc1ccc(-n2cc(C(=O)c3cc(OC)c(OC)c(OC)c3)c(-c3ccccc3)c2)cc1;960.0;intermediate
CHEMBL3126923;COc1ccc2c(c1)C(O)CCN2c1nc(C)nc2ccccc12;970.0;intermediate
CHEMBL387263;COc1cc(C(=O)c2sc(-c3cccc([N+](=O)[O-])c3)cc2N)cc(OC)c1OC;970.0;intermediate
CHEMBL555514;COc1cc2c(c(OC)c1OC)-c1ccc(SC)c(=O)cc1C(OC(=O)c1ccncc1)CC2.Cl;970.0;intermediate
CHEMBL3597219;COc1cc(Sc2c(-c3ccccc3)[nH]c3c(F)cccc23)cc(OC)c1OC;1000.0;intermediate
CHEMBL424708;Cc1nc(C)c(-c2csc(Nc3ccc(Br)cc3)n2)s1;1000.0;intermediate
CHEMBL2313477;COc1cc(Sc2c(-c3ccc4ccccc4c3)[nH]c3ccccc23)cc(OC)c1OC;1000.0;intermediate
CHEMBL4874942;COc1ccc(/C=C\c2cc(OC)c(OC)c(OC)c2)cc1/C=C/C(=O)Nc1ccccc1N;1000.0;intermediate
CHEMBL2420865;COc1ccc2c(c1)CCCN2c1cc(C)nc2ccccc12;1000.0;intermediate
CHEMBL426186;CC(=O)O[C@@]12COC1C[C@H](O)[C@@]1(C)C(=O)[C@H](O)C3=C(C)[C@@H](OC(=O)C(O)[C@@H](NC(=O)N[C@H](C(=O)N4CCC[C@H]4C(=O)NCC(=O)NCC(=O)O)C(C)C)c4ccccc4)C[C@@](O)([C@@H](OC(=O)c4cccc(N)c4)C21)C3(C)C;1000.0;intermediate
CHEMBL2420866;COc1ccc2c(c1)CCCN2c1nc(C)nc2ccccc12;1000.0;intermediate
CHEMBL3318102;CNc1cccc(-n2ccc(C(=O)c3cc(OC)c(OC)c(OC)c3)c2)c1;1000.0;intermediate
CHEMBL3318091;COc1cc(C(=O)c2ccn(-c3ccccc3F)c2)cc(OC)c1OC;1000.0;intermediate
CHEMBL204710;c1cnc(NCc2ccncc2)c(-c2nnc(Nc3ccc4c(c3)OCO4)o2)c1;1000.0;intermediate
CHEMBL2420863;COc1ccc2c(c1)CCCN2c1cc(Br)cc(C(=O)NC2CC2)c1;1000.0;intermediate
CHEMBL2322512;COc1ccc(C2CC2c2cc(OC)c(OC)c(OC)c2)cc1O;1000.0;intermediate
CHEMBL224592;CC(=O)O[C@@]12COC1C[C@H](O)[C@@]1(C)C(=O)[C@H](O)C3=C(C)[C@@H](OC(=O)[C@H](O)[C@@H](NC(=O)NCC(=O)N[C@@H](CO)C(=O)N[C@@H](Cc4ccc(O)cc4)C(=O)O)c4ccccc4)C[C@@](O)([C@@H](OCc4ccccc4)C21)C3(C)C;1000.0;intermediate
CHEMBL1210677;COc1ccc(CON=C2c3ccccc3C(=O)c3ccccc32)cc1;1050.0;intermediate
CHEMBL2313464;COc1ccc(-c2[nH]c3ccccc3c2Sc2cc(OC)c(OC)c(OC)c2)cc1O;1100.0;intermediate
CHEMBL216379;COc1ccc(S(=O)(=O)N2CCc3cccc(NC(=O)c4ccncc4)c32)cc1;1100.0;intermediate
CHEMBL4524735;COc1cc(C(=O)c2cn(-c3cccc(F)c3)cc2-c2ccccc2[N+](=O)[O-])cc(OC)c1OC;1100.0;intermediate
CHEMBL217797;COc1cc(C(=O)c2sc(-c3ccc(C)cc3)cc2N)cc(OC)c1OC;1100.0;intermediate
CHEMBL173511;COc1cc2c(c(OC)c1OC)-c1ccc(SC)c(=O)cc1C(OC(=O)c1ccncc1)CC2;1100.0;intermediate
CHEMBL218188;COc1ccc(-c2cc(N)c(C(=O)c3cc(OC)c(OC)c(OC)c3)s2)cc1;1100.0;intermediate
CHEMBL217134;COc1ccc(-c2cc(N)c(C(=O)c3cc(OC)c(OC)c(OC)c3)s2)cc1OC;1100.0;intermediate
CHEMBL3329898;Cc1ccc(-c2noc(C3CCN(C(=O)NCc4ccccc4)CC3)n2)cc1;1100.0;intermediate
CHEMBL4854152;CC(C)Oc1ccc(N(C)c2nc(Cl)nc3cnn(C)c23)cc1;1100.0;intermediate
CHEMBL210239;COc1ccc(-c2cc(C(=O)c3cc(OC)c(OC)c(OC)c3)c(N)s2)cc1;1100.0;intermediate
CHEMBL3597212;COc1ccc2c(Sc3cc(OC)c(OC)c(OC)c3)c(-c3ccccc3)[nH]c2c1;1100.0;intermediate
CHEMBL2331949;COc1ccc(Nc2nc(-c3ccccc3F)no2)cc1;1100.0;intermediate
CHEMBL212074;CC[C@@]1(C)Oc2cc(c([S+]([O-])C[C@@H](O)C[C@H](N)C(=O)O)cc2O)[C@@H](O)[C@H](NC)C(=O)N[C@@H](C(C)C)C(=O)N[C@@H]1C(=O)NCC(=O)O;1100.0;intermediate
CHEMBL230741;COc1cc(C(=O)c2ccc3c(ccn3C)c2)cc(OC)c1OC;1100.0;intermediate
CHEMBL89479;COc1cc2c(c(OC)c1OC)-c1ccc(OC)c(=O)cc1C(=O)CC2;1100.0;intermediate
CHEMBL177199;COc1cc2c(c(OC)c1OC)-c1ccc(SC)c(=O)cc1C(Br)CC2;1100.0;intermediate
CHEMBL2313795;COc1cc(C(=O)c2c(-c3ccoc3)[nH]c3ccccc23)cc(OC)c1OC;1100.0;intermediate
CHEMBL3335080;COc1ccc(/C=C\c2cc(OC)c(OC)c(OC)c2)cc1NC(=O)c1cn(Cc2ccc(F)cc2)nn1;1160.0;intermediate
CHEMBL216327;COc1ccc(S(=O)(=O)N2CCc3cccc(NC(=O)c4ccco4)c32)cc1;1200.0;intermediate
CHEMBL2331943;CCOc1ccc(Nc2nc(-c3ccccc3)no2)cc1;1200.0;intermediate
CHEMBL3318115;COc1ccc(-n2ccc(C(=O)c3cc(OC)c(OC)c(OC)c3)c2)cc1;1200.0;intermediate
CHEMBL217472;COc1cc(C(=O)c2sc(-c3ccccc3)cc2N)cc(OC)c1OC;1200.0;intermediate
CHEMBL209011;COc1cccc(-c2cc(C(=O)c3cc(OC)c(OC)c(OC)c3)c(N)s2)c1;1200.0;intermediate
CHEMBL217256;COc1cc(C(=O)c2sc(-c3ccccc3Cl)cc2N)cc(OC)c1OC;1200.0;intermediate
CHEMBL2313788;COc1cc(Sc2c(-c3cc[nH]n3)[nH]c3ccccc23)cc(OC)c1OC;1200.0;intermediate
CHEMBL2313792;COc1cc(Sc2c(-n3cncn3)[nH]c3ccccc23)cc(OC)c1OC;1200.0;intermediate
CHEMBL230846;CCn1ccc2cc(C(=O)c3cc(OC)c(OC)c(OC)c3)ccc21;1200.0;intermediate
CHEMBL410661;COc1cc(C(=O)c2sc(-c3cccs3)cc2N)cc(OC)c1OC;1200.0;intermediate
CHEMBL376125;CCCCc1ccc2[nH]c(-c3ccc(OC)cc3)c(/C=N\C)c2c1;1200.0;intermediate
CHEMBL3597207;COc1cc(Sc2c(-c3ccccc3)[nH]c3cc(Cl)ccc23)cc(OC)c1OC;1200.0;intermediate
CHEMBL3318105;COc1cc(C(=O)c2ccn(-c3cccc(NC(=N)N)c3)c2)cc(OC)c1OC.Cl;1200.0;intermediate
CHEMBL3597223;COc1cc(Sc2c(-c3ccccc3)[nH]c3c(Cl)c(Cl)ccc23)cc(OC)c1OC;1200.0;intermediate
CHEMBL3597213;COc1ccc2c(C(=O)c3cc(OC)c(OC)c(OC)c3)c(-c3ccccc3)[nH]c2c1;1200.0;intermediate
CHEMBL4580200;COc1cc(C(=O)c2cn(-c3ccccc3)cc2-c2ccc(Cl)cc2)cc(OC)c1OC;1200.0;intermediate
CHEMBL4460943;COc1cc(C(=O)c2cn(-c3cccc(C)c3)cc2-c2ccccc2[N+](=O)[O-])cc(OC)c1OC;1200.0;intermediate
CHEMBL4527555;COc1cc(C(=O)c2cn(-c3ccccc3)cc2-c2ccc(N)cc2)cc(OC)c1OC;1200.0;intermediate
CHEMBL3318119;COc1cc(C(=O)c2ccn(-c3cccc(O)c3)c2)cc(OC)c1OC;1200.0;intermediate
CHEMBL3597221;COc1cc(Sc2c(-c3ccccc3)[nH]c3c(OC)cccc23)cc(OC)c1OC;1200.0;intermediate
CHEMBL2369024;CCC[C@@H](CC/C(C)=C/C=C/CC/C=C\[C@@H]1CSC([C@@H]2C[C@@H]2C)=N1)OC;1200.0;intermediate
CHEMBL172557;COc1cc2c(c(OC)c1OC)-c1ccc(SC)c(=O)cc1C(O)CC2;1200.0;intermediate
CHEMBL2298917;COc1cc(/C=C\c2ccc(C)c(N=[N+]=[N-])c2)cc(OC)c1OC;1202.26;intermediate
CHEMBL213163;Cc1nc2ccccc2n1-c1csc(Nc2ccc(Br)cc2)n1;1250.0;intermediate
CHEMBL5182796;COc1ccc(S(=O)(=O)N(CCSC(=S)N2CCN(C)CC2)c2cc(OC)c(OC)c(OC)c2)cc1;1270.0;intermediate
CHEMBL4858065;COc1ccc(-c2nc3nccc(-c4cc(OC)c(OC)c(OC)c4)n3n2)cc1O;1300.0;intermediate
CHEMBL379867;COc1cc(C(=O)c2cc(-c3ccccc3)sc2N)cc(OC)c1OC;1300.0;intermediate
CHEMBL3597206;COc1cc(C(=O)c2c(-c3ccccc3)[nH]c3cc(Br)ccc23)cc(OC)c1OC;1300.0;intermediate
CHEMBL217301;COc1cc(C(=O)c2sc(-c3ccsc3)cc2N)cc(OC)c1OC;1300.0;intermediate
CHEMBL3597194;COc1cc(Sc2c(-c3ccccc3)[nH]c3ccc(Br)cc23)cc(OC)c1OC;1300.0;intermediate
CHEMBL3604201;COc1ccc2c(c1)CCCN2c1nc(NC2CC2)nc2ccccc12;1300.0;intermediate
CHEMBL4285681;COc1cc(Sc2c[nH]c3ccc(-c4cccs4)cc23)cc(OC)c1OC;1300.0;intermediate
CHEMBL4285451;COc1cc(Sc2c[nH]c3c(-c4ccoc4)cccc23)cc(OC)c1OC;1300.0;intermediate
CHEMBL4288263;COc1cc(Sc2c[nH]c3c(-c4ccsc4)cccc23)cc(OC)c1OC;1300.0;intermediate
CHEMBL2322519;COc1cc([C@@H]2C[C@@H]2/C=C/c2ccccc2)cc(OC)c1OC;1300.0;intermediate
CHEMBL3597216;COc1cc(Sc2c(-c3ccccc3)[nH]c3c(Cl)cccc23)cc(OC)c1OC;1300.0;intermediate
CHEMBL4570431;COc1cc(C(=O)c2cn(-c3ccccc3)cc2-c2cc(F)ccc2F)cc(OC)c1OC;1300.0;intermediate
CHEMBL355794;COc1cc2c(c(OC)c1OC)-c1ccc(SC)c(=O)cc1C(OC(C)=O)CC2;1300.0;intermediate
CHEMBL298240;COc1cc2c(c(OC)c1OC)-c1ccc(SC)c(=O)cc1[C@@H](N)CC2;1300.0;intermediate
CHEMBL2313470;COc1cc(Sc2c(-c3cccnc3)[nH]c3ccccc23)cc(OC)c1OC;1300.0;intermediate
CHEMBL3604205;COc1ccc2c(c1)CCCN2c1ncnc2ccccc12;1300.0;intermediate
CHEMBL4538271;COc1ccccc1-n1cc(C(=O)c2cc(OC)c(OC)c(OC)c2)c(-c2ccccc2)c1;1300.0;intermediate
CHEMBL2313790;COc1cc(Sc2c(-n3ccnc3)[nH]c3ccccc23)cc(OC)c1OC;1300.0;intermediate
CHEMBL3318101;COc1cc(C(=O)c2ccn(-c3ccc(N)cc3)c2)cc(OC)c1OC;1300.0;intermediate
CHEMBL3318123;COc1ccc(-n2ccc(C(=O)c3cc(OC)c(OC)c(OC)c3)c2)cc1O;1300.0;intermediate
CHEMBL3126927;COc1ccc2c(c1)N(C)C(=O)CN2c1nc(C)nc2ccccc12;1300.0;intermediate
CHEMBL3393090;COc1ccc(/C=C/C(=O)c2ccccc2-c2ccc(F)cc2)cc1O;1300.0;intermediate
CHEMBL3410890;COc1ccc2c(c1O)NC(=O)CN=C2c1cc(OC)c(OC)c(OC)c1;1300.0;intermediate
CHEMBL3318122;COc1ccc(-n2ccc(C(=O)c3cc(OC)c(OC)c(OC)c3)c2)cc1N;1300.0;intermediate
CHEMBL4872489;COc1cc(C(=O)c2cn(-c3ccc(F)cc3)cc2-c2ncco2)cc(OC)c1OC;1400.0;intermediate
CHEMBL300300;Oc1nc(/C=C/c2ccccc2)nc2ccc(I)cc12;1400.0;intermediate
CHEMBL2331945;Cc1ccc(Nc2nc(-c3ccccc3)no2)cc1;1400.0;intermediate
CHEMBL2311855;COC(=O)c1ccc(Cl)nc1N(C)c1ccc(OC)cc1;1400.0;intermediate
CHEMBL2313819;COc1cc(C(=O)c2c(-c3ccc[nH]3)[nH]c3ccccc23)cc(OC)c1OC;1400.0;intermediate
CHEMBL3318095;COc1cc(C(=O)c2ccn(-c3ccc(F)cc3)c2)cc(OC)c1OC;1400.0;intermediate
CHEMBL291449;COc1cc2c(c(OC)c1OC)-c1ccc(SC)c(=O)cc1[C@@H](OC(=O)C13CCC(C)(C(=O)O1)C3(C)C)CC2;1400.0;intermediate
CHEMBL176317;COc1cc2c(c(OC)c1OC)-c1ccc(SC)c(=O)cc1C(OC(=O)c1ccccc1)CC2;1400.0;intermediate
CHEMBL3597208;COc1cc(C(=O)c2c(-c3ccccc3)[nH]c3cc(Cl)ccc23)cc(OC)c1OC;1400.0;intermediate
CHEMBL3318100;COc1cc(C(=O)c2ccn(-c3cccc(N)c3)c2)cc(OC)c1OC;1400.0;intermediate
CHEMBL1210679;COc1ccc(CON=C2c3ccccc3C(=O)c3ccccc32)cc1O;1430.0;intermediate
CHEMBL3318104;COc1cc(C(=O)c2ccn(-c3cccc(N(C)C)c3)c2)cc(OC)c1OC;1500.0;intermediate
CHEMBL386110;CC[C@@]1(C)Oc2cc(ccc2O)[C@@H](O)[C@H](NC)C(=O)N[C@@H](C(C)C)C(=O)N[C@@H]1C(=O)NCC(=O)O;1500.0;intermediate
CHEMBL2313468;COc1cc(Sc2c(-c3ccccn3)[nH]c3ccccc23)cc(OC)c1OC;1500.0;intermediate
CHEMBL107;COc1cc2c(c(OC)c1OC)-c1ccc(OC)c(=O)cc1[C@@H](NC(C)=O)CC2;1500.0;intermediate
CHEMBL386210;COc1ccc(S(=O)(=O)N2CCc3cccc(NC(=O)c4ccc(F)cc4)c32)cc1;1500.0;intermediate
CHEMBL176535;CCCC(=O)OC1CCc2cc(OC)c(OC)c(OC)c2-c2ccc(SC)c(=O)cc21;1500.0;intermediate
CHEMBL2369026;C=CC[C@@H](CC/C(C)=C/C=C/CC/C=C\[C@H](CSC(=O)[C@@H]1C[C@@H]1C)NC(C)=O)OC;1500.0;intermediate
CHEMBL47426;COc1ccc(/C=C\c2cc(OC)c(OC)c(OC)c2)cc1;1500.0;intermediate
CHEMBL3318085;COc1cc(C(=O)c2ccn(-c3ccccc3)c2)cc(OC)c1OC;1500.0;intermediate
CHEMBL217297;COc1cc(C(=O)c2sc(-c3ccc(F)cc3)cc2N)cc(OC)c1OC;1500.0;intermediate
CHEMBL2313452;COc1cc(Sc2c(-c3cc4ccccc4o3)[nH]c3ccccc23)cc(OC)c1OC;1500.0;intermediate
CHEMBL2312231;COCc1ccc(Cl)nc1N(C)c1ccc(OC)cc1;1500.0;intermediate
CHEMBL383751;COc1ccc(Nc2nnc(-c3cccnc3NCc3ccccn3)o2)cc1;1500.0;intermediate
CHEMBL3597224;COc1cc(C(=O)c2c(-c3ccccc3)[nH]c3c(Cl)c(Cl)ccc23)cc(OC)c1OC;1500.0;intermediate
CHEMBL2331936;COc1cccc(-c2noc(Nc3ccc(C)cc3)n2)c1;1500.0;intermediate
CHEMBL3597200;COc1cc(Sc2c(-c3ccccc3)[nH]c3ccc(F)cc23)cc(OC)c1OC;1500.0;intermediate
CHEMBL3597197;COc1cc(Sc2c(-c3ccccc3)[nH]c3ccc(Cl)cc23)cc(OC)c1OC;1500.0;intermediate
CHEMBL3799494;COc1cc(/C=C/C(=O)/C=C/c2cc(OC)c(OC)c(OC)c2)ccc1OCc1cn(CCOc2cc(=O)oc3ccccc23)nn1;1550.0;intermediate
CHEMBL4743390;COc1cccc(-c2nnc3n2N=C(c2ccc(OC)c(N)c2)CS3)c1;1600.0;intermediate
CHEMBL2331948;Cc1ccc(Nc2nc(-c3ccccc3F)no2)cc1F;1600.0;intermediate
CHEMBL89341;COc1ccc2c(C(=O)c3cc(OC)c(OC)c(OC)c3)c(-c3ccc(OC)c(O)c3)[nH]c2c1;1600.0;intermediate
CHEMBL3329881;O=C(NCc1ccccc1)N1CCC(c2nc(-c3ccc(F)cc3)no2)CC1;1600.0;intermediate
CHEMBL2331956;CCOc1ccc(Nc2nc(-c3cccc(OC)c3)no2)cc1;1600.0;intermediate
CHEMBL2331955;CCc1ccc(Nc2nc(-c3cccc(OC)c3)no2)cc1;1600.0;intermediate
CHEMBL4535671;COc1cc(C(=O)c2cn(-c3ccc(N)cc3)cc2-c2ccccc2)cc(OC)c1OC;1600.0;intermediate
CHEMBL381405;COc1ccc(CNc2ncccc2-c2nnc(Nc3ccc4c(c3)OCCO4)o2)cc1;1600.0;intermediate
CHEMBL2331950;Cc1ccc(Nc2nc(-c3ccccc3F)no2)cc1;1600.0;intermediate
CHEMBL4451655;COc1cccc(-n2cc(C(=O)c3cc(OC)c(OC)c(OC)c3)c(-c3ccccc3)c2)c1;1600.0;intermediate
CHEMBL89900;COc1cc2c(c(OC)c1OC)-c1ccc(OC)c(=O)cc1CC=C2;1600.0;intermediate
CHEMBL3597187;COc1cc(Sc2c(-c3ccccc3)[nH]c3cccc(Cl)c23)cc(OC)c1OC;1600.0;intermediate
CHEMBL2420880;COc1ccc(N(C)c2cc(Br)cc(C(=O)NC3CC3)c2)cc1;1600.0;intermediate
CHEMBL3597214;COc1cc(Sc2c(-c3ccccc3)[nH]c3c(Br)cccc23)cc(OC)c1OC;1600.0;intermediate
CHEMBL217041;COc1ccc(/C=C\c2cc(OC)c(OC)c(OC)c2)c(N)c1;1600.0;intermediate
CHEMBL3597191;COc1cc(C(=O)c2c(-c3ccccc3)[nH]c3cccc(F)c23)cc(OC)c1OC;1600.0;intermediate
CHEMBL3597209;COc1cc(Cc2c(-c3ccccc3)[nH]c3cc(Cl)ccc23)cc(OC)c1OC;1600.0;intermediate
CHEMBL229560;COc1cc(Sc2c[nH]c3ccc(Br)cc23)cc(OC)c1OC;1600.0;intermediate
CHEMBL3401783;COC(=O)Nc1nc2ccc(/C=C\c3cc(OC)c(OC)c(OC)c3)cc2[nH]1;1600.0;intermediate
CHEMBL5170564;CCCCc1ccc2nc(NC(=O)OC(C)CC)[nH]c2c1;1620.0;intermediate
CHEMBL5083520;COc1cc(-c2nnc3c(OC)cc(-c4ccc5c(ccn5C)c4)cn23)cc(OC)c1OC;1640.0;intermediate
CHEMBL3409623;Cc1ccc(S(=O)(=O)N2CC(=O)N3Cc4ccccc4[C@@H](OCc4ccccc4)[C@@H]3C2)cc1;1680.0;intermediate
CHEMBL3318125;COc1ccc(-n2ccc(C(=O)c3cc(OC)c(OC)c(OC)c3)c2)cc1OC(C)C;1700.0;intermediate
CHEMBL4546033;COc1cc(C(=O)c2cn(-c3ccc(Cl)cc3)cc2-c2ccccc2)cc(OC)c1OC;1700.0;intermediate
CHEMBL388306;CC(=O)O[C@@]12COC1C[C@H](O)[C@@]1(C)C(=O)[C@H](O)C3=C(C)[C@@H](OC(=O)[C@H](O)[C@@H](NC(=O)N[C@H](C(=O)N4CCC[C@H]4C(=O)O)C(C)C)c4ccccc4)C[C@@](O)([C@@H](OCc4ccccc4)C21)C3(C)C;1700.0;intermediate
CHEMBL4520914;COc1cc(C(=O)c2cn(-c3cccc(N)c3)cc2-c2cccc([N+](=O)[O-])c2)cc(OC)c1OC;1700.0;intermediate
CHEMBL2313787;COc1cc(C(=O)c2c(-c3cn[nH]c3)[nH]c3ccccc23)cc(OC)c1OC;1700.0;intermediate
CHEMBL2331947;CCOc1ccc(Nc2nc(-c3ccccc3F)no2)cc1;1700.0;intermediate
CHEMBL2313811;COc1cc(Sc2c(-c3ccccc3F)[nH]c3ccccc23)cc(OC)c1OC;1700.0;intermediate
CHEMBL386803;COc1ccc(/C=C\c2cc(OC)c(OC)c(OC)c2N)cc1O;1700.0;intermediate
CHEMBL2312232;COC(=O)c1ccc(C(F)(F)F)nc1N(C)c1ccc(OC)cc1;1700.0;intermediate
CHEMBL3597190;COc1cc(Sc2c(-c3ccccc3)[nH]c3cccc(F)c23)cc(OC)c1OC;1700.0;intermediate
CHEMBL213971;COc1ccc(S(=O)(=O)N2CCc3cccc(NC(=O)c4cccs4)c32)cc1;1700.0;intermediate
CHEMBL2331944;COc1ccc(Nc2nc(-c3ccccc3)no2)cc1Cl;1700.0;intermediate
CHEMBL2313813;COc1cc(Sc2c(-c3cccc(F)c3)[nH]c3ccccc23)cc(OC)c1OC;1700.0;intermediate
CHEMBL4283677;CCOc1ccc(-c2cc(C)nn2-c2cc(OC)c(OC)c(OC)c2)cc1Cl;1700.0;intermediate
CHEMBL3597215;COc1cc(C(=O)c2c(-c3ccccc3)[nH]c3c(Br)cccc23)cc(OC)c1OC;1700.0;intermediate
CHEMBL2313453;COc1cc(Sc2c(-c3cc4ccccc4s3)[nH]c3ccccc23)cc(OC)c1OC;1700.0;intermediate
CHEMBL3318118;COc1cc(C(=O)c2ccn(-c3ccccc3O)c2)cc(OC)c1OC;1700.0;intermediate
CHEMBL3597220;COc1cc(C(=O)c2c(-c3ccccc3)[nH]c3c(F)cccc23)cc(OC)c1OC;1700.0;intermediate
CHEMBL4292866;COc1cc(Sc2c[nH]c3ccc(-c4ccsc4)cc23)cc(OC)c1OC;1700.0;intermediate
CHEMBL4638706;C[C@H]1COc2c(N3CCN(C)CC3)c(F)cc3c(=O)c(C(=O)OCc4cn(CCCCCCCC(=O)NO)nn4)cn1c23;1790.0;intermediate
CHEMBL4644409;C[C@H]1COc2c(N3CCN(C)CC3)c(F)cc3c(=O)c(C(=O)NCc4cn(CCCCCCCC(=O)NO)nn4)cn1c23;1790.0;intermediate
CHEMBL4645270;C[C@H]1COc2c(N3CCN(C)CC3)c(F)cc3c(=O)c(C(=O)OCc4cn(CCCCCC(=O)NO)nn4)cn1c23;1790.0;intermediate
CHEMBL4643070;C[C@H]1COc2c(N3CCN(C)CC3)c(F)cc3c(=O)c(C(=O)OCc4cn(CCCCCCC(=O)NO)nn4)cn1c23;1790.0;intermediate
CHEMBL4649154;C[C@H]1COc2c(N3CCN(C)CC3)c(F)cc3c(=O)c(C(=O)NCc4cn(CCCCCCC(=O)NO)nn4)cn1c23;1790.0;intermediate
CHEMBL4636049;C[C@H]1COc2c(N3CCN(C)CC3)c(F)cc3c(=O)c(C(=O)NCc4cn(CCCCCC(=O)NO)nn4)cn1c23;1790.0;intermediate
CHEMBL3318114;COc1cccc(-n2ccc(C(=O)c3cc(OC)c(OC)c(OC)c3)c2)c1;1800.0;intermediate
CHEMBL205124;c1cnc(NCc2ccc3c(c2)OCCO3)c(-c2nnc(Nc3ccc4c(c3)OCCO4)o2)c1;1800.0;intermediate
CHEMBL2313483;COc1cc(Sc2c(-c3cc4ccccc4[nH]3)[nH]c3ccccc23)cc(OC)c1OC;1800.0;intermediate
CHEMBL230747;COc1cc(C(=O)c2ccc3c(ccn3CO)c2)cc(OC)c1OC;1800.0;intermediate
CHEMBL2313815;COc1cc(Sc2c(-c3ccc(F)cc3)[nH]c3ccccc23)cc(OC)c1OC;1800.0;intermediate
CHEMBL3597217;COc1cc(C(=O)c2c(-c3ccccc3)[nH]c3c(Cl)cccc23)cc(OC)c1OC;1800.0;intermediate
CHEMBL2313820;COc1cc(C(=O)c2c(-c3cc[nH]c3)[nH]c3ccccc23)cc(OC)c1OC;1800.0;intermediate
CHEMBL4277741;COc1cc(Sc2c[nH]c3ccc(-c4ccoc4)cc23)cc(OC)c1OC;1800.0;intermediate
CHEMBL3393085;COc1ccc(/C=C/C(=O)c2ccccc2-c2ccc(F)cc2)cc1;1800.0;intermediate
CHEMBL2331951;CCOc1ccc(Nc2nc(-c3cccc(OC)c3OC)no2)cc1;1800.0;intermediate
CHEMBL2331941;CCc1ccc(Nc2nc(-c3cc(OC)ccc3OC)no2)cc1;1800.0;intermediate
CHEMBL192224;COc1ccc(/C=C\c2cc(OC)c(OC)c(OC)c2)cc1[N+](=O)[O-];1800.0;intermediate
CHEMBL3329900;O=C(NCc1ccccc1)N1CCC(c2nc(-c3ccccc3)no2)CC1;1800.0;intermediate
CHEMBL2313810;COc1cc(Sc2c(-c3ccc(Cl)cc3)[nH]c3ccccc23)cc(OC)c1OC;1800.0;intermediate
CHEMBL2322518;COc1cc(C2CC2/C=C/c2ccccc2)cc(OC)c1OC;1800.0;intermediate
CHEMBL2313485;COc1cc(C(O)c2c(-c3cc[nH]c3)[nH]c3ccccc23)cc(OC)c1OC;1800.0;intermediate
CHEMBL4553655;COc1cc(C(=O)c2cn(-c3ccc(N)cc3)cc2-c2ccc([N+](=O)[O-])cc2)cc(OC)c1OC;1800.0;intermediate
CHEMBL203353;COC(=O)c1[nH]c2ccc(Cl)cc2c1Sc1cccc(OC)c1;1800.0;intermediate
CHEMBL3597222;COc1cc(C(=O)c2c(-c3ccccc3)[nH]c3c(OC)cccc23)cc(OC)c1OC;1800.0;intermediate
CHEMBL216956;COc1ccc(/C=C\c2cc(OC)c(OC)c(OC)c2N)cc1N;1800.0;intermediate
CHEMBL9859;COc1ccc(/C=C(\C)C(=O)c2cc(OC)c(OC)c(OC)c2)cc1O;1800.0;intermediate
CHEMBL4290717;O=C(/C=C\Nc1ccc2ncccc2c1)c1c(-c2ccccc2)nc2ccccn12;1820.0;intermediate
CHEMBL4280415;O=C(c1cn(Cc2cccc(Oc3ccccc3)c2)nn1)c1cccnc1Nc1ccc(F)cc1;1840.0;intermediate
CHEMBL216144;COc1ccc(S(=O)(=O)N2CCc3cccc(NC(C)=O)c32)cc1;1900.0;intermediate
CHEMBL3597205;COc1cc(Sc2c(-c3ccccc3)[nH]c3cc(Br)ccc23)cc(OC)c1OC;1900.0;intermediate
CHEMBL217695;COc1ccc(S(=O)(=O)N2CCc3cccc(NC(=O)c4ccc([N+](=O)[O-])cc4)c32)cc1;1900.0;intermediate
CHEMBL2313793;COc1cc(C(=O)c2c(-c3ccco3)[nH]c3ccccc23)cc(OC)c1OC;1900.0;intermediate
CHEMBL395786;COc1cc(C(=O)c2cccc3c2ccn3C)cc(OC)c1OC;1900.0;intermediate
CHEMBL2331935;COc1ccc(Nc2nc(-c3cccc(OC)c3)no2)cc1;1900.0;intermediate
CHEMBL2322516;COc1ccc([C@@H]2C[C@@H]2c2ccc(OC)c(OC)c2OC)cc1N;1900.0;intermediate
CHEMBL4461003;COc1cc(C(=O)c2cn(-c3cccc(Br)c3)cc2-c2ccccc2)cc(OC)c1OC;1900.0;intermediate
CHEMBL290219;COc1cc2c(c(OC)c1OC)-c1ccc(SC)c(=O)cc1[C@@H](NC(=O)c1ccc(C#N)cc1)CC2;1900.0;intermediate
CHEMBL2331933;COc1cccc(-c2noc(Nc3ccc4c(c3)OCCO4)n2)c1;1900.0;intermediate
CHEMBL4293279;COc1cc(C(=O)c2c[nH]c3c(-c4ccco4)cccc23)cc(OC)c1OC;1900.0;intermediate
CHEMBL4293707;O=C(/C=C\Nc1ccc(Br)cc1)c1c(-c2ccc(Cl)cc2)nc2ccccn12;1930.0;intermediate
CHEMBL3287797;COc1ccc(Nc2ncccc2C(=O)NCc2cn(Cc3cccc(Oc4ccccc4)c3)nn2)c(OC)c1;1930.0;intermediate
CHEMBL308075;COc1cc(/C=C\c2ccc(C)cc2)cc(OC)c1OC;1995.26;intermediate
CHEMBL114212;COc1ccc(/C=C\c2cc(OC)c(OC)c(OC)c2)cn1;1995.26;intermediate
CHEMBL432421;COc1cc(/C=C\c2ccn(C)c(=O)c2)cc(OC)c1OC;1995.26;intermediate
CHEMBL2313456;COc1cc(Sc2c(C3CCC3)[nH]c3ccccc23)cc(OC)c1OC;2000.0;intermediate
CHEMBL3329875;O=C(NCc1ccco1)N1CCC(c2nc(-c3ccc(Cl)cc3)no2)CC1;2000.0;intermediate
CHEMBL3401786;COC(=O)Nc1nc2ccc(C(=O)c3sccc3O)cc2[nH]1;2000.0;intermediate
CHEMBL4453878;COC(=O)Nc1nc2cc(Sc3nnc4ccc(-c5ccc(F)cc5)nn34)ccc2[nH]1;2000.0;intermediate
CHEMBL89905;COc1cc([C@@H]2c3cc4c(cc3C[C@H]3COC(=O)[C@@H]32)OCO4)cc(OC)c1O;2000.0;intermediate
CHEMBL204180;CS(=O)(=O)Nc1ccc(CNc2ncccc2-c2nnc(Nc3ccc4c(c3)OCCO4)o2)cc1;2000.0;intermediate
CHEMBL45503;Cc1ccc2nc(/C=C/c3ccccc3)nc(O)c2c1;2000.0;intermediate
CHEMBL221765;COC(=O)c1[nH]c2ccc(OC)cc2c1Sc1cc(OC)c(OC)c(OC)c1;2000.0;intermediate
CHEMBL440113;COc1ccc2nc(/C=C/c3ccccc3)[nH]c(=O)c2c1;2000.0;intermediate
CHEMBL50767;Oc1nc(/C=C/c2ccccc2)nc2ccc(Br)cc12;2000.0;intermediate
CHEMBL277998;COc1c(O)cc2c(c1OC)-c1ccc(SC)c(=O)cc1[C@@H](NC(C)=O)CC2;2000.0;intermediate
CHEMBL77552;COc1ccc(-c2oc3cc(O)c(OC)c(O)c3c(=O)c2OC)cc1O;2000.0;intermediate
CHEMBL379249;c1ccc(CNc2nccnc2-c2nnc(Nc3ccc4c(c3)OCCO4)o2)nc1;2000.0;intermediate
CHEMBL205122;c1coc(CNc2ncccc2-c2nnc(Nc3ccc4c(c3)OCCO4)o2)c1;2000.0;intermediate
CHEMBL230738;COc1cc(C(=O)c2cccc3[nH]ccc23)cc(OC)c1OC;2000.0;intermediate
CHEMBL277239;COc1cc2c(c(OC)c1O)-c1ccc(SC)c(=O)cc1[C@@H](NC(C)=O)CC2;2000.0;intermediate
CHEMBL4746357;COc1cc(Nc2ncccc2NC(=O)c2cn(Cc3cccc(Oc4ccccc4)c3)nn2)cc(OC)c1;2040.0;intermediate
CHEMBL4452964;COc1cc(C(=O)/C(C)=C/c2ccc(OC)c(O)c2)cc(OC)n1;2080.0;intermediate
CHEMBL205487;O=C(NC(=O)c1ccccc1[N+](=O)[O-])Nc1ccc(Sc2ncc(Br)cn2)cc1;2100.0;intermediate
CHEMBL4468863;COc1cc(C(=O)c2cn(-c3cccc(Cl)c3)cc2-c2ccccc2)cc(OC)c1OC;2100.0;intermediate
CHEMBL3318094;COc1cc(C(=O)c2ccn(-c3cccc(F)c3)c2)cc(OC)c1OC;2100.0;intermediate
CHEMBL34781;COc1cc2c(c(OC)c1OC)-c1ccc(SC)c(=O)cc1[C@@H](NC(=O)c1ccc(OC(C)=O)cc1)CC2;2100.0;intermediate
CHEMBL424885;COc1ccc(/C=C\c2cc(Br)c(OC)c(OC)c2)cc1;2100.0;intermediate
CHEMBL217139;COc1ccc(/C=C\c2cc(OC)c(OC)c(OC)c2N)cc1;2100.0;intermediate
CHEMBL2313812;COc1cc(C(=O)c2c(-c3ccccc3F)[nH]c3ccccc23)cc(OC)c1OC;2100.0;intermediate
CHEMBL3597202;COc1ccc2[nH]c(-c3ccccc3)c(Sc3cc(OC)c(OC)c(OC)c3)c2c1;2100.0;intermediate
CHEMBL91937;C=CC[C@@H](CC/C(C)=C/C=C/CC/C=C\[C@@H]1CSC([C@H]2C[C@H]2C)=N1)OC;2100.0;intermediate
CHEMBL387889;CCOc1ccc2[nH]cc(Sc3cc(OC)c(OC)c(OC)c3)c2c1;2100.0;intermediate
CHEMBL2313797;COc1cc(C(=O)c2c(-c3ccsc3)[nH]c3ccccc23)cc(OC)c1OC;2100.0;intermediate
CHEMBL36073;COc1cc2c(c(OC)c1OC)-c1ccc(SC)c(=O)cc1[C@@H](NC(=O)c1ccc([N+](=O)[O-])cc1)CC2;2100.0;intermediate
CHEMBL3318124;COc1ccc(-n2ccc(C(=O)c3cc(OC)c(OC)c(OC)c3)c2)cc1OC;2100.0;intermediate
CHEMBL1969257;COc1ccc(N2C(=O)CSC2c2cc(OC)c(OC)c(OC)c2)cc1;2120.0;intermediate
CHEMBL234245;COc1ccc(-c2snnc2-c2cc(OC)c(OC)c(OC)c2)cc1[N+](=O)[O-];2130.0;intermediate
CHEMBL3360101;O=C(Nc1cccnc1Nc1ccc(F)cc1)c1cccnc1Nc1cc(C(F)(F)F)cc(C(F)(F)F)c1;2160.0;intermediate
CHEMBL4794039;COc1cc(C2=NNC(c3ccc(F)cc3)C2)ccc1OCc1nnn[nH]1;2160.0;intermediate
CHEMBL4585153;COc1ccc(CN(C(=O)Cn2cc(COc3ccc4c(C)cc(=O)oc4c3)nn2)c2cc(OC)c(OC)c(OC)c2)cc1;2164.0;intermediate
CHEMBL381961;c1cnc(NCc2cnccn2)c(-c2nnc(Nc3ccc4c(c3)OCCO4)o2)c1;2200.0;intermediate
CHEMBL395785;COc1cc(C(=O)c2ccc3[nH]ccc3c2)cc(OC)c1OC;2200.0;intermediate
CHEMBL3401784;COC(=O)Nc1nc2ccc(C(=O)c3ccc(OC)cc3O)cc2[nH]1;2200.0;intermediate
CHEMBL2420883;CNC(=O)c1cc(Br)cc(N(C)c2ccc(OC)cc2)c1;2200.0;intermediate
CHEMBL3318089;COc1cc(C(=O)c2ccn(-c3cccc(Cl)c3)c2)cc(OC)c1OC;2200.0;intermediate
CHEMBL381787;CCOC(=O)c1[nH]c2ccc(Cl)cc2c1Sc1cc(OC)c(OC)c(OC)c1;2200.0;intermediate
CHEMBL2331957;COc1cccc(-c2noc(Nc3ccc4c(c3)OCO4)n2)c1;2200.0;intermediate
CHEMBL378838;COc1cc2c(c(OC)c1OC)-c1ccc(OC)c(=O)cc1[C@@H](/N=C(/C)S)CC2;2200.0;intermediate
CHEMBL201490;COC(=O)c1[nH]c2ccc(Cl)cc2c1Sc1cc(OC)cc(OC)c1;2200.0;intermediate
CHEMBL203868;Fc1ccc(CNc2ncccc2-c2nnc(Nc3ccc4c(c3)OCO4)o2)cc1F;2200.0;intermediate
CHEMBL4283773;COc1cc(Sc2c[nH]c3cc(-c4ccoc4)ccc23)cc(OC)c1OC;2300.0;intermediate
CHEMBL3329918;Cc1ccc(-c2noc(C3CCN(C(=O)NCc4ccco4)CC3)n2)cc1;2300.0;intermediate
CHEMBL2331934;COc1cccc(-c2noc(Nc3ccc(OC)c(Cl)c3)n2)c1;2300.0;intermediate
CHEMBL416773;COc1cc2c(c(OC)c1OC)-c1ccc(SC)c(=O)cc1[C@@H](NCc1ccc(C#N)cc1)CC2;2300.0;intermediate
CHEMBL3318090;COc1cc(C(=O)c2ccn(-c3ccc(Cl)cc3)c2)cc(OC)c1OC;2300.0;intermediate
CHEMBL4539048;COc1cc(C(=O)c2cn(-c3ccccc3)cc2-c2cccc(Cl)c2)cc(OC)c1OC;2300.0;intermediate
CHEMBL454328;C=CC[C@@H](CC/C(C)=C\C=C\CC/C=C\[C@@H]1CSC([C@@H]2C[C@@H]2C)=N1)OC;2300.0;intermediate
CHEMBL34772;COc1cc2c(c(OC)c1OC)-c1ccc(SC)c(=O)cc1[C@@H](NC(=O)c1ccc(Cl)cc1)CC2;2300.0;intermediate
CHEMBL37931;COc1cc2c(c(OC)c1OC)-c1ccc(SC)c(=O)cc1[C@@H](NCc1ccc(F)cc1)CC2;2300.0;intermediate
CHEMBL35647;CCCCCC(=O)N[C@H]1CCc2cc(OC)c(OC)c(OC)c2-c2ccc(SC)c(=O)cc21;2300.0;intermediate
CHEMBL5184318;COc1ccc(-c2sc3nc(-c4ccc(F)cc4)c(/C=C/C(=O)c4ccccn4)n3c2-c2ccc(OC)cc2)cc1;2350.0;intermediate
CHEMBL3629554;COc1cc(/C=C/C(=O)/C=C/c2cc(OC)c(OC)c(OC)c2)ccc1OCc1cn(CCN2C(=O)C(=O)c3ccccc32)nn1;2360.0;intermediate
CHEMBL37812;COc1cc2c(c(OC)c1OC)-c1ccc(SC)c(=O)cc1[C@@H](NC(=O)c1ccc(F)cc1)CC2;2400.0;intermediate
CHEMBL203031;CCOC(=O)c1[nH]c2ccc(OC)cc2c1Sc1cc(OC)c(OC)c(OC)c1;2400.0;intermediate
CHEMBL3597185;COc1cc(Sc2c(-c3ccccc3)[nH]c3cccc(Br)c23)cc(OC)c1OC;2400.0;intermediate
CHEMBL3597210;COc1cc(Sc2c(-c3ccccc3)[nH]c3cc(F)ccc23)cc(OC)c1OC;2400.0;intermediate
CHEMBL4514531;Cc1cc(=O)oc2cc(OCc3cn(-c4ccc(S(N)(=O)=O)cc4)nn3)ccc12;2400.0;intermediate
CHEMBL224711;COc1ccc(CCN2C=CC=C3C2=Nc2ccccc2N(C)S3(=O)=O)cc1;2400.0;intermediate
CHEMBL2322514;COc1ccc(C2CC2c2ccc(OC)c(OC)c2OC)cc1;2400.0;intermediate
CHEMBL216433;COc1ccc(/C=C\c2cc(OC)cc(OC)c2N)cc1;2400.0;intermediate
CHEMBL3597218;COc1cc(Cc2c(-c3ccccc3)[nH]c3c(Cl)cccc23)cc(OC)c1OC;2400.0;intermediate
CHEMBL63970;COc1cc([C@@H]2c3cc4c(cc3C[C@H]3COC(=O)[C@@H]32)OCO4)cc(OC)c1OC;2400.0;intermediate
CHEMBL204093;Cc1ccc(-c2nnc(Nc3ccc4c(c3)OCCO4)o2)c(NCc2ccccn2)n1;2400.0;intermediate
CHEMBL4285465;Cc1ccc(S(=O)(=O)NCc2cn(Cc3cccc(Oc4ccccc4)c3)nn2)cc1;2410.0;intermediate
CHEMBL3331199;COc1cc(-c2cc3c4ccccc4n(C(C)=O)c3nn2)cc(OC)c1OC;2410.0;intermediate
CHEMBL5219618;COc1ccc(N(C)c2nc(NCc3cccnc3)nc3ccccc23)cc1;2450.0;intermediate
CHEMBL3318107;COc1cc(C(=O)c2ccn(-c3cccc(-n4cccc4)c3)c2)cc(OC)c1OC;2500.0;intermediate
CHEMBL299871;Oc1nc(/C=C/c2ccccc2)nc2ccc(Cl)cc12;2500.0;intermediate
CHEMBL3318108;COc1cc(C(=O)c2ccn(-c3cccc(N4CCCC4)c3)c2)cc(OC)c1OC;2500.0;intermediate
CHEMBL3318103;COc1cc(C(=O)c2ccn(-c3cccc(NC(C)C)c3)c2)cc(OC)c1OC;2500.0;intermediate
CHEMBL2331940;COc1ccc(OC)c(-c2noc(Nc3ccc4c(c3)OCO4)n2)c1;2500.0;intermediate
CHEMBL3318092;COc1cc(C(=O)c2ccn(-c3cccc(OC(C)C)c3)c2)cc(OC)c1OC;2500.0;intermediate
CHEMBL381933;COC(=O)c1[nH]c2ccc(Cl)cc2c1Sc1cc(OC)c(OC)c(OC)c1;2500.0;intermediate
CHEMBL285869;COc1ccc(CN[C@H]2CCc3cc(OC)c(OC)c(OC)c3-c3ccc(SC)c(=O)cc32)c(OC)c1OC;2500.0;intermediate
CHEMBL4868563;COc1ccc(S(=O)(=O)Nc2ccccc2Nc2ccc(O)cc2)cc1;2500.0;intermediate
CHEMBL35438;COc1cc2c(c(OC)c1OC)-c1ccc(SC)c(=O)cc1[C@@H](NCc1cccc(C#N)c1)CC2;2500.0;intermediate
CHEMBL388563;COC(=O)[C@@H](CCSC)NC(=O)[C@H](Cc1ccccc1)NC(=O)[C@@H](NC(=O)N[C@@H](c1ccccc1)[C@@H](O)C(=O)O[C@H]1C[C@@]2(O)[C@@H](OCc3ccccc3)C3[C@]4(OC(C)=O)COC4C[C@H](O)[C@@]3(C)C(=O)[C@H](O)C(=C1C)C2(C)C)C(C)C;2600.0;intermediate
CHEMBL229399;COc1cc(Sc2c[nH]c3ccccc23)cc(OC)c1OC;2600.0;intermediate
CHEMBL4280361;COc1cc(C(=O)c2c[nH]c3c(-c4cccs4)cccc23)cc(OC)c1OC;2600.0;intermediate
CHEMBL368320;COc1cc2c(c(OC)c1OC)-c1ccc(SC)c(=O)cc1[C@H](OC(C)=O)CC2;2600.0;intermediate
CHEMBL2331953;COc1ccc(Nc2nc(-c3cccc(OC)c3OC)no2)cc1;2600.0;intermediate
CHEMBL4745498;COc1cc2c(c(OC)c1OC)-c1ccc(OC)c(=O)cc1CCC2;2600.0;intermediate
CHEMBL3329908;O=C(NCc1ccccc1)N1CCC(c2nc(-c3ccccc3Cl)no2)CC1;2600.0;intermediate
CHEMBL486273;COc1cc(/C=C/C(=O)c2cc(OC)c(OC)c(OC)c2)ccc1O;2600.0;intermediate
CHEMBL3604209;COc1ccc2c(c1)CCCN2c1nccc2ccccc12;2600.0;intermediate
CHEMBL389506;COc1cc(Sc2c[nH]c3ccc(Cl)cc23)cc(OC)c1OC;2600.0;intermediate
CHEMBL2313458;COc1cc(Sc2c(C3CCCC3)[nH]c3ccccc23)cc(OC)c1OC;2600.0;intermediate
CHEMBL75283;CCOc1ccc(/C=C\c2cc(OC)c(OC)c(OC)c2)cc1;2691.53;intermediate
CHEMBL2331946;CCc1ccc(Nc2nc(-c3ccccc3F)no2)cc1;2700.0;intermediate
CHEMBL3318113;COc1ccccc1-n1ccc(C(=O)c2cc(OC)c(OC)c(OC)c2)c1;2700.0;intermediate
CHEMBL229673;COc1cc(Sc2c[nH]c3ccc(C)cc23)cc(OC)c1OC;2700.0;intermediate
CHEMBL388175;COc1cc(Sc2c[nH]c3ccc(I)cc23)cc(OC)c1OC;2700.0;intermediate
CHEMBL2313798;COc1cc(Cc2c(-c3ccsc3)[nH]c3ccccc23)cc(OC)c1OC;2700.0;intermediate
CHEMBL4538461;COC(=O)Nc1nc2cc(OS(=O)(=O)c3c(Cl)cccc3Cl)ccc2[nH]1;2700.0;intermediate
CHEMBL229511;COc1cc(Sc2c(C)[nH]c3ccc(Cl)cc23)cc(OC)c1OC;2700.0;intermediate
CHEMBL3262010;O=C1OCC2=C1C(c1ccc(-c3ccc(-c4cc(F)cc(F)c4)cc3)cc1)c1c(ccc3cn[nH]c13)N2;2740.0;intermediate
CHEMBL3287799;COc1cc(Nc2ncccc2C(=O)NCc2cn(Cc3cccc(Oc4ccccc4)c3)nn2)cc(OC)c1;2780.0;intermediate
CHEMBL417869;COc1cc2c(c(OC)c1OC)-c1ccc(SC)c(=O)cc1[C@@H](NCc1cccc([N+](=O)[O-])c1)CC2;2800.0;intermediate
CHEMBL284940;COc1cc2c(c(OC)c1OC)-c1ccc(SC)c(=O)cc1[C@@H](NCc1ccc([N+](=O)[O-])cc1)CC2;2800.0;intermediate
CHEMBL3393100;COc1ccc(/C=C/C(=O)c2ccccc2-c2cc(OC)c(OC)c(OC)c2)cc1O;2800.0;intermediate
CHEMBL2313457;COc1cc(C(=O)c2c(C3CCC3)[nH]c3ccccc23)cc(OC)c1OC;2800.0;intermediate
CHEMBL576300;COc1ccc(C2CC2c2cc(OC)c(OC)c(OC)c2)cc1N;2800.0;intermediate
CHEMBL5176228;COc1cc(N(Cc2c(C)noc2C)C(=O)CSc2nc3ccccc3s2)cc(OC)c1OC;2870.0;intermediate
CHEMBL20684;COc1ccc(S(=O)(=O)Nc2cccnc2Nc2ccc(O)cc2)cc1;2880.0;intermediate
CHEMBL3797389;COc1ccc(/C=C/C(=O)/C=C/c2ccc(OCc3cn(CCOc4cc(=O)oc5ccccc45)nn3)c(OC)c2)cc1OC;2880.0;intermediate
CHEMBL389169;COC(=O)c1[nH]c2ccccc2c1Sc1cc(OC)c(OC)c(OC)c1;2900.0;intermediate
CHEMBL373244;CCOC(=O)c1[nH]c2ccccc2c1Sc1cccc(OC)c1;2900.0;intermediate
CHEMBL287508;COc1ccc(-c2csc3c2-n2cccc2C3=O)cc1O;2900.0;intermediate
CHEMBL202029;CCOC(=O)c1[nH]c2ccccc2c1Sc1cc(OC)c(OC)c(OC)c1;2900.0;intermediate
CHEMBL4878739;CN(c1ccc(OC(F)(F)F)cc1)c1nc(Cl)nc2cnn(C)c12;2900.0;intermediate
CHEMBL4762159;COc1cc(C2=NNC(c3ccc(Cl)cc3)C2)ccc1OCc1nnn[nH]1;2940.0;intermediate
CHEMBL3262274;O=C1OCC2=C1C(c1ccc(-c3ccc(-c4ccc(OC(F)(F)F)cc4)cc3)cc1)c1c(ccc3cn[nH]c13)N2;2950.0;intermediate
CHEMBL3329876;COc1cccc(NC(=O)N2CCC(c3nc(-c4ccc(C)cc4)no3)CC2)c1;3000.0;intermediate
CHEMBL375206;COc1cc(-c2nncn2-c2ccc3c(ccn3C)c2)cc(OC)c1OC;3000.0;intermediate
CHEMBL287357;COc1cc(C(=O)N[C@H]2CCc3cc(OC)c(OC)c(OC)c3-c3ccc(SC)c(=O)cc32)cc(OC)c1OC;3000.0;intermediate
CHEMBL309263;COc1ccc(-c2oc3cc(O)cc(O)c3c(=O)c2OC)cc1O;3000.0;intermediate
CHEMBL4287959;COc1cc(C(=O)c2c[nH]c3c(-c4ccoc4)cccc23)cc(OC)c1OC;3000.0;intermediate
CHEMBL2313488;COc1cc(Cc2c(-c3cc[nH]c3)[nH]c3ccccc23)cc(OC)c1OC;3000.0;intermediate
CHEMBL422246;COc1cc(/C=C\c2ccc(Cl)c(N)c2)cc(OC)c1OC;3019.95;intermediate
CHEMBL324796;COc1ncc(/C=C\c2cc(OC)c(OC)c(OC)c2)cn1;3019.95;intermediate
CHEMBL319183;COc1ccc(/C=C(/C(N)=O)c2cc(OC)c(OC)c(OC)c2)cc1N;3019.95;intermediate
CHEMBL324944;COc1ccc(/C=C\c2cc(OC)c(OC)c(OC)c2)nc1;3019.95;intermediate
CHEMBL4531067;COc1cc(S(=O)(=O)/C=C/c2cccc3[nH]ccc23)cc(OC)c1OC;3090.0;intermediate
CHEMBL86736;COc1cc(/C=C\c2ccc(Br)cc2)cc(OC)c1OC;3090.3;intermediate
CHEMBL380903;CCOC(=O)c1[nH]c2ccc(OC)cc2c1Sc1cccc(OC)c1;3100.0;intermediate
CHEMBL2313482;COc1cc(Sc2c(-c3ccc4[nH]ccc4c3)[nH]c3ccccc23)cc(OC)c1OC;3100.0;intermediate
CHEMBL5077952;C/C=C\CC(C/C=C\NC(=O)[C@@H](NC(=O)/C=C\C=C/C(C)=C/[C@H](C)[C@@H]1CC=C(OC)C(=O)O1)C(C)(C)C)OC(N)=O;3100.0;intermediate
CHEMBL3325999;COc1ccc(S(=O)(=O)N2CCc3cccc(Nc4ccc(C#N)cc4)c32)cc1;3200.0;intermediate
CHEMBL35529;COc1cc2c(c(OC)c1OC)-c1ccc(SC)c(=O)cc1[C@@H](NCc1ccccc1[N+](=O)[O-])CC2;3200.0;intermediate
CHEMBL229561;COc1cc(Sc2c[nH]c3ccc(F)cc23)cc(OC)c1OC;3300.0;intermediate
CHEMBL229674;COc1ccc2[nH]c(C)c(Sc3cc(OC)c(OC)c(OC)c3)c2c1;3300.0;intermediate
CHEMBL4116551;COc1ccc2c(c1)CCCN2c1nc(C)nc2c(Cc3ccccc3)c[nH]c12;3300.0;intermediate
CHEMBL3604210;COc1ccc2c(c1)CCCN2c1cncc2ccccc12;3300.0;intermediate
CHEMBL2369022;C=CC[C@@H](CC/C(C)=C/C=C/CC/C=C\[C@H](CSC)NC(C)=O)OC;3300.0;intermediate
CHEMBL4474082;COc1cc(C(=O)c2cn(-c3ccc([N+](=O)[O-])cc3)cc2-c2ccccc2)cc(OC)c1OC;3300.0;intermediate
CHEMBL49045;COc1cc2nc(/C=C/c3ccccc3)nc(O)c2cc1OC;3300.0;intermediate
CHEMBL2313800;COc1cc(Sc2c(C3=NCCO3)[nH]c3ccccc23)cc(OC)c1OC;3300.0;intermediate
CHEMBL2313806;COc1cc(Sc2c(-c3ccccc3)[nH]c3ccccc23)cc(OC)c1OC;3300.0;intermediate
CHEMBL2313817;COc1ccccc1-c1[nH]c2ccccc2c1Sc1cc(OC)c(OC)c(OC)c1;3300.0;intermediate
CHEMBL10557;COc1ccc(CCc2cc(OC)c(OC)c(OC)c2)cc1O;3311.31;intermediate
CHEMBL4278800;COc1ccc(CN(C(=O)CSc2nc3ccccc3o2)c2cc(OC)c(OC)c(OC)c2)cc1;3350.0;intermediate
CHEMBL312992;COc1cc(/C=C\c2ccc(N(C)C)cc2)cc(OC)c1OC;3388.44;intermediate
CHEMBL3393091;COc1ccc(/C=C/C(=O)c2ccccc2-c2ccc(F)cc2)cc1B(O)O;3400.0;intermediate
CHEMBL289240;COc1cc(CN[C@H]2CCc3cc(OC)c(OC)c(OC)c3-c3ccc(SC)c(=O)cc32)cc(OC)c1;3400.0;intermediate
CHEMBL4851013;COc1cc(C(=O)N2CCc3cc(Br)ccc32)cc(OC)c1OC;3400.0;intermediate
CHEMBL276625;COc1ccc(C(=O)c2cc(OC)c(OC)c(OC)c2)cc1O;3400.0;intermediate
CHEMBL381963;Fc1cnc(NCc2ccccn2)c(-c2nnc(Nc3ccc4c(c3)OCCO4)o2)c1;3400.0;intermediate
CHEMBL2313804;COc1cc(C(=O)c2c(-c3ncco3)[nH]c3ccccc23)cc(OC)c1OC;3400.0;intermediate
CHEMBL285750;COc1cc2c(c(OC)c1OC)-c1ccc(SC)c(=O)cc1[C@@H](NC(=O)c1cccc([N+](=O)[O-])c1)CC2;3400.0;intermediate
CHEMBL2299098;COc1cc(CNc2ccc(C)c(O)c2)cc(OC)c1OC.Cl;3467.37;intermediate
CHEMBL345556;COc1ccc(COc2cc(OC)c(OC)c(OC)c2)cc1O;3467.37;intermediate
CHEMBL310038;COc1ccc2c(C(=O)c3cc(OC)c(OC)c(OC)c3)c(-c3ccc(OC)c(O)c3)sc2c1;3500.0;intermediate
CHEMBL2331939;COc1ccc(OC)c(-c2noc(Nc3ccc4c(c3)OCCO4)n2)c1;3500.0;intermediate
CHEMBL2331938;COc1ccc(OC)c(-c2noc(Nc3ccc(C)c(F)c3)n2)c1;3500.0;intermediate
CHEMBL2313791;COc1cc(C(=O)c2c(-n3ccnc3)[nH]c3ccccc23)cc(OC)c1OC;3500.0;intermediate
CHEMBL3597204;COc1ccc2[nH]c(-c3ccccc3)c(Cc3cc(OC)c(OC)c(OC)c3)c2c1;3500.0;intermediate
CHEMBL311636;COc1ccc(/C=C\c2cc(OC)cc(OC)c2)cc1;3500.0;intermediate
CHEMBL3409624;Cc1ccc(S(=O)(=O)N2C[C@H]3[C@H](OCc4ccccc4)c4ccccc4CN3C(=O)[C@@H]2C)cc1;3550.0;intermediate
CHEMBL3597188;COc1cc(C(=O)c2c(-c3ccccc3)[nH]c3cccc(Cl)c23)cc(OC)c1OC;3600.0;intermediate
CHEMBL3393092;CN(C)c1ccc(/C=C/C(=O)c2ccccc2-c2ccc(F)cc2)cc1;3600.0;intermediate
CHEMBL2331954;COc1cccc(-c2noc(Nc3ccc(C)cc3)n2)c1OC;3600.0;intermediate
CHEMBL2313818;COc1cccc(-c2[nH]c3ccccc3c2Sc2cc(OC)c(OC)c(OC)c2)c1;3600.0;intermediate
CHEMBL4751362;Cc1cc(NC2=NC(=O)/C(=C\c3c4ccccc4cc4ccccc34)S2)no1;3610.0;intermediate
CHEMBL441018;COc1ccc(C[C@H]2NC(=O)/C=C/C[C@@H]([C@H](C)[C@H]3O[C@@H]3c3ccccc3)OC(=O)[C@H](CC(C)C)OC(=O)[C@H](C)CNC2=O)cc1Cl;3700.0;intermediate
CHEMBL3325998;COc1ccc(S(=O)(=O)N2CCc3cccc(Nc4ccc([N+](=O)[O-])cc4)c32)cc1;3700.0;intermediate
CHEMBL2313808;COc1cc(Cc2c(-c3ccccc3)[nH]c3ccccc23)cc(OC)c1OC;3700.0;intermediate
CHEMBL4440595;COc1cc(C(=O)c2cn(-c3ccc(N)cc3)cc2-c2cccc([N+](=O)[O-])c2)cc(OC)c1OC;3800.0;intermediate
CHEMBL223988;COc1ccc(CCN2C=CC=C3C2=Nc2ccccc2S(=O)(=O)N3C)cc1;3800.0;intermediate
CHEMBL203704;CS(=O)(=O)Nc1ccc(CNc2ncccc2-c2nnc(Nc3ccc4c(c3)OCO4)o2)cc1;3800.0;intermediate
CHEMBL4287348;COC(=O)c1ccc2c(c1)NC(=O)CN2C(=O)c1cc(OC)c(OC)c(OC)c1;3970.0;intermediate
CHEMBL3629555;COc1ccc(/C=C/C(=O)/C=C/c2ccc(OCc3cn(CCN4C(=O)C(=O)c5ccccc54)nn3)c(OC)c2)cc1OC;3970.0;intermediate
CHEMBL102557;COc1ccc(/C=C(/C=O)c2cc(OC)c(OC)c(OC)c2)cc1;3981.07;intermediate
CHEMBL103333;COc1cc(/C=C\c2ccc(C)c(N)c2)cc(OC)c1OC;3981.07;intermediate
CHEMBL48397;CC(=O)Oc1ccc2nc(/C=C/c3ccccc3)nc(O)c2c1;4000.0;intermediate
CHEMBL3393095;COc1ccc(/C=C/C(=O)c2ccccc2-c2cccc(F)c2)cc1;4000.0;intermediate
CHEMBL61573;COc1cc2c(c(O)c1O)-c1ccc(SC)c(=O)cc1[C@@H](NC(C)=O)CC2;4000.0;intermediate
CHEMBL291722;COc1cc2c(c(O)c1OC)-c1ccc(SC)c(=O)cc1[C@@H](NC(C)=O)CC2;4000.0;intermediate
CHEMBL3597196;COc1cc(Cc2c(-c3ccccc3)[nH]c3ccc(Br)cc23)cc(OC)c1OC;4000.0;intermediate
CHEMBL301851;COc1c(O)c(O)cc2c1-c1ccc(SC)c(=O)cc1[C@@H](NC(C)=O)CC2;4000.0;intermediate
CHEMBL2313481;COc1cc(Sc2c(-c3ccc4ncccc4c3)[nH]c3ccccc23)cc(OC)c1OC;4000.0;intermediate
CHEMBL213261;Cc1cn(-c2csc(Nc3ccc(Br)cc3)n2)c(C)n1;4000.0;intermediate
CHEMBL61572;COc1ccc([C@@H]2OCO[C@H]2c2cc(OC)c(OC)c(OC)c2)cc1O;4000.0;intermediate
CHEMBL2313459;COc1cc(C(=O)c2c(C3CCCC3)[nH]c3ccccc23)cc(OC)c1OC;4000.0;intermediate
CHEMBL5189736;CCCCc1ccc2nc(NC(=O)OC(C)C)[nH]c2c1;4040.0;intermediate
CHEMBL5191492;COc1ccc(CNC(=O)c2cc(F)ccc2N2CCOCC2)cc1/C=C/C(=O)NO;4060.0;intermediate
CHEMBL2313466;COc1ccc(-c2[nH]c3ccccc3c2C(=O)c2cc(OC)c(OC)c(OC)c2)cc1;4100.0;intermediate
CHEMBL327414;COc1ccc2c(-c3cc(OC)c(OC)c(OC)c3)c(-c3ccc(OC)c(O)c3)[nH]c2c1;4100.0;intermediate
CHEMBL390091;COc1ccc2[nH]cc(Sc3cc(OC)c(OC)c(OC)c3)c2c1;4100.0;intermediate
CHEMBL221628;COc1cc(-c2nncn2-c2ccc(N(C)C)cc2)cc(OC)c1OC;4100.0;intermediate
CHEMBL3355856;COc1ccc(/C=C/C(=O)c2cc3c(cc2OC)SCO3)cc1;4150.0;intermediate
CHEMBL372987;COC(=O)c1[nH]c2ccc(Cl)cc2c1Sc1ccccc1OC;4200.0;intermediate
CHEMBL1242958;COc1cc(C(=O)c2ccc(-c3csc(N)n3)cc2-n2cncn2)cc(OC)c1OC;4290.0;intermediate
CHEMBL1760846;CCn1c2ccncc2c2cc(C(=O)c3ccc(S(C)(=O)=O)cc3)ccc21;4300.0;intermediate
CHEMBL313011;CCOC(=O)c1[nH]c2ccccc2c1S(=O)(=O)c1ccccc1;4400.0;intermediate
CHEMBL5184981;CCCCc1ccc2nc(NC(=O)C3CCOCC3)[nH]c2c1;4400.0;intermediate
CHEMBL3597199;COc1cc(Cc2c(-c3ccccc3)[nH]c3ccc(Cl)cc23)cc(OC)c1OC;4400.0;intermediate
CHEMBL313989;CCOC(=O)c1[nH]c2ccccc2c1Sc1ccccc1;4400.0;intermediate
CHEMBL5178230;C=CCOC(=O)Nc1nc2ccc(CCCC)cc2[nH]1;4410.0;intermediate
CHEMBL3600929;O=C1c2cc(Cl)ccc2SC2c3[nH]c4ccc(O)cc4c3CCN12;4500.0;intermediate
CHEMBL2313803;COc1cc(Sc2c(-c3ncco3)[nH]c3ccccc23)cc(OC)c1OC;4500.0;intermediate
CHEMBL380871;COC(=O)c1[nH]c2ccc([N+](=O)[O-])cc2c1Sc1cc(OC)c(OC)c(OC)c1;4500.0;intermediate
CHEMBL478140;COc1cc([C@H]2C[C@H]2/C=C/c2ccccc2)cc(OC)c1OC;4500.0;intermediate
CHEMBL206877;COc1cc2c(c(OC)c1OC)-c1ccc(OC)c(=O)cc1[C@@H](Nc1ccc([N+](=O)[O-])cc1[N+](=O)[O-])CC2;4600.0;intermediate
CHEMBL294903;CCC[C@@H](CC/C(C)=C/C=C/CCCCC1CSC([C@@H]2C[C@@H]2C)=N1)OC;4600.0;intermediate
CHEMBL2313789;COc1cc(Sc2c(-c3ncc[nH]3)[nH]c3ccccc23)cc(OC)c1OC;4600.0;intermediate
CHEMBL218541;COc1ccc(/C=C(\F)C(=O)c2cc(OC)c(OC)c(OC)c2)cc1;4600.0;intermediate
CHEMBL3326000;COC(=O)c1ccc(Nc2cccc3c2N(S(=O)(=O)c2ccc(OC)cc2)CC3)cc1;4700.0;intermediate
CHEMBL206073;O=C(NC(=O)c1ccccc1[N+](=O)[O-])Nc1ccc(Oc2ncc(Br)cn2)cc1;4700.0;intermediate
CHEMBL1714537;C=CC[C@@H](CC/C=C/C=C/CC/C=C\[C@@H]1CSC([C@@H]2C[C@@H]2C)=N1)OC;4800.0;intermediate
CHEMBL1791395;CC[C@@H](C)[C@@H]1NC(=O)[C@@H](NC)[C@H](O)c2ccc(O)c(c2)O[C@](C)(CC)[C@@H](C(=O)NCC(=O)O)NC1=O;4800.0;intermediate
CHEMBL382558;c1coc(CNc2ncccc2-c2nnc(Nc3ccc4c(c3)OCO4)o2)c1;4900.0;intermediate
CHEMBL3331200;COc1ccc(-c2cc3c4ccccc4n(C(C)=O)c3nn2)cc1OC;4920.0;intermediate
CHEMBL4242425;COc1ccc(N(C)C2=CC(=O)C(=O)c3ccccc32)cc1F;4978.0;intermediate
CHEMBL215181;COc1ccc(S(=O)(=O)N2CCc3cccc(NCc4ccccc4)c32)cc1;5000.0;intermediate
CHEMBL246600;COc1ccc(C[C@@H](O)c2cc(OC)c(OC)c(OC)c2)cc1O;5000.0;intermediate
CHEMBL204811;Fc1ccc(CNc2ncccc2-c2nnc(Nc3ccc4c(c3)OCCO4)o2)cc1;5000.0;intermediate
CHEMBL4798567;Cc1cc(-c2cccc(-c3c[nH]c4ccccc34)n2)c2ccccc2n1;5000.0;intermediate
CHEMBL4468802;COc1ccc(/C=C(\C)C(=O)c2cc(OC)c(OC)c(OC)c2)cc1OCCCCCCCC(=O)NO;5000.0;intermediate
CHEMBL3740589;COc1ccc(-c2ccsc2-c2cc(OC)c(OC)c(OC)c2)cc1O;5010.0;intermediate
CHEMBL317013;COc1ccc(/C(C#N)=C\c2cc(OC)c(OC)c(OC)c2)cc1N;5011.87;intermediate
CHEMBL103062;COc1ccc(/C=C(/C#N)c2cc(OC)c(OC)c(OC)c2)cc1O;5011.87;intermediate
CHEMBL5197212;Cc1cc2nc(NC(=O)OC(C)C)[nH]c2cc1C;5080.0;intermediate
CHEMBL425414;CCN[C@H]1CCc2cc(OC)c(OC)c(OC)c2-c2ccc(OC)c(=O)cc21;5100.0;intermediate
CHEMBL4853727;COc1ccc(/C=C\c2cc(OC)c(OC)c(OC)c2)cc1OCCCC(=O)NO;5200.0;intermediate
CHEMBL3329919;COc1cccc(NC(=O)N2CCC(c3nc(-c4ccc(Cl)cc4)no3)CC2)c1;5300.0;intermediate
CHEMBL3600388;O=C1c2cc(Cl)ccc2OC2c3[nH]c4ccc(O)cc4c3CCN12;5300.0;intermediate
CHEMBL50607;CN1CCN(C(Cc2nc(O)c3cc(Cl)ccc3n2)c2ccccc2)CC1;5300.0;intermediate
CHEMBL5171386;CCCCc1ccc2nc(NC(=O)OCCC)[nH]c2c1;5340.0;intermediate
CHEMBL2369023;C=CC[C@@H](CC/C(C)=C/C=C/CC/C=C\[C@@H]1CSC([C@@H]2C[C@@H]2C)=N1)OCC(F)(F)C(F)(F)C(F)(F)F;5400.0;intermediate
CHEMBL46947;Oc1nc(/C=C/c2ccccc2)nc2ccc(F)cc12;5400.0;intermediate
CHEMBL3629556;COc1ccc(/C=C/C(=O)/C=C/c2ccc(OCc3cn(CCN4C(=O)C(=O)c5ccccc54)nn3)c(OC)c2)cc1;5410.0;intermediate
CHEMBL2115069;C=CC[C@@H](CC/C(C)=C/C=C/CC/C=C\[C@H]1CSC([C@@H]2C[C@@H]2C)=N1)OC;5500.0;intermediate
CHEMBL414531;COc1cc(-n2cnnc2-c2ccc3c(ccn3C)c2)cc(OC)c1OC;5600.0;intermediate
CHEMBL207074;COc1cc2c(c(OC)c1OC)-c1ccc(OC)c(=O)cc1[C@@H](NS(=O)(=O)c1ccccc1[N+](=O)[O-])CC2;5600.0;intermediate
CHEMBL44212;COc1ccc2c(O)nc(/C=C/c3ccccc3)nc2c1;5700.0;intermediate
CHEMBL2313807;COc1cc(C(=O)c2c(-c3ccccc3)[nH]c3ccccc23)cc(OC)c1OC;5700.0;intermediate
CHEMBL161957;COc1ccc(-c2oc3cc(O)c(OC)c(O)c3c(=O)c2OC)cc1;5700.0;intermediate
CHEMBL3604202;COc1ccc2c(c1)CCCN2c1nc(NC2CCCC2)nc2ccccc12;5700.0;intermediate
CHEMBL3355830;COc1ccc(/C=C/C(=O)c2cc3c(cc2OC)OCS3)cc1;5800.0;intermediate
CHEMBL3823710;COc1cc(-c2nnc(SCC(=O)Nc3ccc(C)cc3)n2N)cc(OC)c1OC;5900.0;intermediate
CHEMBL376708;COc1ccc(-n2cnnc2-c2cc(OC)c(OC)c(OC)c2)cc1O;6000.0;intermediate
CHEMBL2313473;COc1cc(C(=O)c2c(-c3ccncc3)[nH]c3ccccc23)cc(OC)c1OC;6000.0;intermediate
CHEMBL103856;COc1ccc(/C=C(/C#N)c2cc(OC)c(OC)c(OC)c2)cc1;6025.6;intermediate
CHEMBL73296;CCCOc1ccc(/C=C\c2cc(OC)c(OC)c(OC)c2)cc1;6025.6;intermediate
CHEMBL307624;COc1ccc2c(C(O)c3ccc(OC)c(O)c3)c(-c3cc(OC)c(OC)c(OC)c3)sc2c1;6100.0;intermediate
CHEMBL3318116;COc1cc(C(=O)c2ccn(-c3ccccc3OC(C)C)c2)cc(OC)c1OC;6100.0;intermediate
CHEMBL5188007;COc1ccc(C2CC(O)=Nc3c2ncn3-c2cccc(C(F)(F)F)c2)cc1O;6100.0;intermediate
CHEMBL2299100;COc1cc(/C=C\c2cccc(SC)c2)cc(OC)c1OC;6165.95;intermediate
CHEMBL223922;COC(=O)c1[nH]c2ccc(OC)cc2c1Sc1ccccc1;6200.0;intermediate
CHEMBL3400561;CCC1=CC2CN(/C=C(/C(=O)OC)Cc3c([nH]c4ccc(I)cc34)[C@@](C(=O)OC)(c3cc4c(cc3OC)N(C)[C@H]3[C@@](O)(C(=O)OC)[C@H](OC(C)=O)[C@]5(CC)C=CCN6CC[C@]43[C@@H]65)C2)C1;6200.0;intermediate
CHEMBL427472;COc1cc2c(c(OC)c1OC)-c1ccc(SC)c(=O)cc1[C@H](O)CC2;6200.0;intermediate
CHEMBL4283824;COc1cc(C(=O)c2c[nH]c3c(-c4ccsc4)cccc23)cc(OC)c1OC;6200.0;intermediate
CHEMBL211913;Cc1ccc(Nc2nc(-n3cc(C)nc3C)cs2)cc1;6250.0;intermediate
CHEMBL5191842;Cc1ccc2nc(NC(=O)OC(C)C)[nH]c2c1;6270.0;intermediate
CHEMBL229622;COc1cc(Sc2c[nH]c3ccc(O)cc23)cc(OC)c1OC;6300.0;intermediate
CHEMBL2313471;COc1cc(C(=O)c2c(-c3cccnc3)[nH]c3ccccc23)cc(OC)c1OC;6300.0;intermediate
CHEMBL330407;COc1ccc(/C=C\c2cc(OC)c(OC)c(OC)c2)cc1N;6500.0;intermediate
CHEMBL2313796;COc1cc(Cc2c(-c3ccoc3)[nH]c3ccccc23)cc(OC)c1OC;6500.0;intermediate
CHEMBL2322513;COc1ccc([C@H]2C[C@H]2c2cc(OC)c(OC)c(OC)c2)cc1O;6800.0;intermediate
CHEMBL229623;COc1cc(Sc2c[nH]c3ccc(OCCO)cc23)cc(OC)c1OC;6800.0;intermediate
CHEMBL2313794;COc1cc(Cc2c(-c3ccco3)[nH]c3ccccc23)cc(OC)c1OC;6800.0;intermediate
CHEMBL3318099;COc1cc(C(=O)c2ccn(-c3ccccc3N)c2)cc(OC)c1OC;6800.0;intermediate
CHEMBL413069;COc1cc(Sc2c(C)[nH]c3ccccc23)cc(OC)c1OC;6800.0;intermediate
CHEMBL5171969;CCCCCc1ccc2nc(NC(=O)OC(C)C)[nH]c2c1;6810.0;intermediate
CHEMBL3629633;COc1cc(/C=C/C(=O)/C=C/c2cccc3ccccc23)ccc1OCc1cn(CCN2C(=O)C(=O)c3ccccc32)nn1;7160.0;intermediate
CHEMBL48267;Oc1nc(CCc2ccccc2)nc2ccc(Cl)cc12;7300.0;intermediate
CHEMBL277148;Oc1cc(-c2ccccc2)nc2ccccc12;7300.0;intermediate
CHEMBL165020;COc1ccc(C[C@H]2NC(=O)/C=C/C[C@@H]([C@H](C)[C@H]3O[C@@H]3c3ccc(C(=O)c4ccccc4)cc3)OC(=O)[C@H](CC(C)C)OC(=O)CCNC2=O)cc1;7400.0;intermediate
CHEMBL431388;COc1ccc(C(=O)c2cc(OC)c(OC)c(OC)c2)cc1;7413.1;intermediate
CHEMBL386425;COc1ccc(Nc2nc(-n3cc(C)nc3C)cs2)cc1;7500.0;intermediate
CHEMBL3740269;COc1ccc(/C=C2\Cc3c(cc(OC)c(OC)c3OC)C2=O)cc1O;7560.0;intermediate
CHEMBL2313814;COc1cc(C(=O)c2c(-c3cccc(F)c3)[nH]c3ccccc23)cc(OC)c1OC;7600.0;intermediate
CHEMBL3800149;COc1cc(/C=C/C(=O)/C=C/c2cccc3ccccc23)ccc1OCc1cn(CCOc2cc(=O)oc3ccccc23)nn1;7650.0;intermediate
CHEMBL10121;COc1ccc(Cc2cc(OC)c(OC)c(OC)c2)cc1O;7762.47;intermediate
CHEMBL1098730;COc1ccc(/C=C/c2cc(OC)c(OC)c(OC)c2)cc1B(O)O;7800.0;intermediate
CHEMBL45348;COc1ccc(CCc2cc(OC)c(OC)c(OC)c2)cc1;7943.28;intermediate
CHEMBL213044;COc1ccc(Nc2nc(-n3ccnc3C)cs2)cc1;8000.0;intermediate
CHEMBL196832;COc1cc(C2C(C#N)=C(N)Oc3cc(N(C)C)ccc32)cc(Br)c1OC;8000.0;intermediate
CHEMBL214706;CC[C@@]1(C)Oc2cc(ccc2O)[C@@H](O)[C@H](NC)C(=O)N[C@@H](C)C(=O)N[C@@H]1C(=O)NCC(=O)O;8200.0;intermediate
CHEMBL3597203;COc1ccc2[nH]c(-c3ccccc3)c(C(=O)c3cc(OC)c(OC)c(OC)c3)c2c1;8300.0;intermediate
CHEMBL286404;COC(=O)c1[nH]c2ccccc2c1Sc1ccccc1;8300.0;intermediate
CHEMBL208189;COc1cc2c(c(OC)c1OC)-c1ccc(OC)c(=O)cc1[C@@H](NCC(C)=O)CC2;8300.0;intermediate
CHEMBL4865690;COc1ccc(/C=C\c2cc(OC)c(OC)c(OC)c2)cc1OCc1ccc(C(=O)NO)cc1;8600.0;intermediate
CHEMBL3741225;COc1ccc(/C=C2\Cc3c(cc(OC)c(OC)c3OC)C2=O)cc1N;8640.0;intermediate
CHEMBL315541;COc1cccc(/C=C\c2cc(OC)c(OC)c(OC)c2)c1;8709.64;intermediate
CHEMBL3318088;COc1cc(C(=O)c2ccn(-c3ccccc3Cl)c2)cc(OC)c1OC;8800.0;intermediate
CHEMBL382359;c1cncc(CNc2ncccc2-c2nnc(Nc3ccc4c(c3)OCO4)o2)c1;8800.0;intermediate
CHEMBL5186583;CCc1nnc2c(Nc3ccc(C(=O)/C=C/c4cc(OC)c(OC)c(OC)c4)cc3)nc3ccccc3n12;8840.0;intermediate
CHEMBL3318097;COc1cc(C(=O)c2ccn(-c3cccc([N+](=O)[O-])c3)c2)cc(OC)c1OC;8900.0;intermediate
CHEMBL3331202;CC(=O)n1c2ccccc2c2cc(-c3ccc4ccccc4c3)nnc21;8910.0;intermediate
CHEMBL2299097;COc1ccc(NCc2cc(OC)c(OC)c(OC)c2)cc1O.Cl;8912.51;intermediate
CHEMBL323820;COc1cnc(/C=C\c2cc(OC)c(OC)c(OC)c2)cn1;8912.51;intermediate
CHEMBL3740121;COc1ccc(/C=C2\Cc3c(cc(OC)c(OC)c3OC)C2=O)cc1F;8920.0;intermediate
CHEMBL3331203;CC(=O)n1c2ccccc2c2cc(-c3cccc4ccccc34)nnc21;8970.0;intermediate
CHEMBL2313486;COc1cc(C(O)c2c(-c3ccn(S(=O)(=O)c4ccccc4)c3)[nH]c3ccccc23)cc(OC)c1OC;9000.0;intermediate
CHEMBL3410880;COc1ccc2c(c1)NC(=O)CN=C2c1cc(OC)c(OC)c(OC)c1;9000.0;intermediate
CHEMBL3742316;COc1ccc(/C=C2\Cc3c(cc(OC)c(OC)c3OC)C2=O)cc1Br;9050.0;intermediate
CHEMBL2313802;COc1cc(Cc2c(C3=NCCO3)[nH]c3ccccc23)cc(OC)c1OC;9400.0;intermediate
CHEMBL4762066;COc1ccc(C(=O)Cn2nc(-c3cc(OC)c(OC)c(OC)c3)nc2N)cc1;9400.0;intermediate
CHEMBL229510;Cc1cc(C)cc(Sc2c[nH]c3ccc(Cl)cc23)c1;9400.0;intermediate
CHEMBL2313816;COc1cc(C(=O)c2c(-c3ccc(F)cc3)[nH]c3ccccc23)cc(OC)c1OC;9400.0;intermediate
CHEMBL528271;CCCCc1ccc2[nH]c(NC(=O)OC)nc2c1;9550.0;intermediate
CHEMBL382358;c1cnc(NCc2cnccn2)c(-c2nnc(Nc3ccc4c(c3)OCO4)o2)c1;9600.0;intermediate
CHEMBL3740714;COc1ccc(/C=C2\Cc3c(cc(OC)c(OC)c3OC)C2=O)cc1;9620.0;intermediate
CHEMBL380539;COc1cc2c(c(OC)c1OC)-c1ccc(OC)c(=O)cc1[C@@H](NS(=O)(=O)c1ccc([N+](=O)[O-])cc1[N+](=O)[O-])CC2;9700.0;intermediate
CHEMBL3740935;COc1ccc(-c2sccc2-c2cc(OC)c(OC)c(OC)c2)cc1O;9760.0;intermediate
CHEMBL2431844;COc1ccc(N(C)c2nc(C)nc3cc[nH]c23)cc1;10000.0;inactive
CHEMBL4754608;COc1ccc(-n2cccc2-c2cc(OC)c(OC)c(OC)c2)cc1N;10000.0;inactive
CHEMBL1210613;COc1ccc(S(=O)(=O)ON=C2c3ccccc3C(=O)c3ccccc32)cc1;10000.0;inactive
CHEMBL4278637;O=C1c2ccccc2C(=Cc2cccc(O)c2)c2ccccc21;10000.0;inactive
CHEMBL1210551;COc1ccc(C(=O)O/N=C2\c3cccc(Cl)c3C(=O)c3cccc(Cl)c32)cc1;10000.0;inactive
CHEMBL1210549;COc1ccc(C(=O)ON=C2c3ccccc3C(=O)c3ccccc32)cc1;10000.0;inactive
CHEMBL2298916;COc1ccc(/C=C\C=C\C=C\c2cc(OC)c(OC)c(OC)c2)cc1O;10000.0;inactive
CHEMBL1210737;COc1ccc(CO/N=C2\c3cccc(Cl)c3C(=O)c3cccc(Cl)c32)cc1;10000.0;inactive
CHEMBL103582;COc1ccc(/C=C(/C#N)c2cc(OC)c(OC)c(OC)c2)cc1N;10000.0;inactive
CHEMBL1210820;COc1ccc(CON=C2c3cccc(OC)c3C(=O)c3c(OC)cccc32)cc1;10000.0;inactive
CHEMBL1210821;COc1ccc(CON=C2c3cccc(OC)c3C(=O)c3c(OC)cccc32)cc1O;10000.0;inactive
CHEMBL217824;COc1ccc(/C=C\c2cc(OC)c(OC)c(OC)c2[N+](=O)[O-])cc1;10000.0;inactive
CHEMBL3597211;COc1cc(C(=O)c2c(-c3ccccc3)[nH]c3cc(F)ccc23)cc(OC)c1OC;10000.0;inactive
CHEMBL3580686;COc1ccc(-c2nc3cc(C)ccn3c2Nc2cc(OC)c(OC)c(OC)c2)cc1O;10000.0;inactive
CHEMBL385699;COc1ccc(N)c(/C=C\c2cc(OC)c(OC)c(OC)c2)c1;10000.0;inactive
CHEMBL386960;COc1cc(-c2nncn2-c2ccc3c(c2)CCN3C)cc(OC)c1OC;10000.0;inactive
CHEMBL217336;COc1ccc(/C=C\c2cc(OC)c(OC)cc2N)cc1;10000.0;inactive
CHEMBL9941;COc1ccc(/C=C/C(=O)c2cc(OC)c(OC)c(OC)c2)cc1O;10000.0;inactive
CHEMBL210722;COc1cc(/C=C\Cc2cc(O)c3ccoc3c2)cc(OC)c1OC;10300.0;inactive
CHEMBL4568168;COc1ccc(/C=C/C(=O)c2cc(OC)c(OC)c(OC)c2)cc1OCCCCCCC(=O)NO;10400.0;inactive
CHEMBL4798025;COc1cc(C(=O)c2nnc(-c3c[nH]c4ccccc34)o2)cc(OC)c1OC;10660.0;inactive
CHEMBL5190121;CCOCCSc1nc(-c2ccccc2Cl)nn1CCOCC;10700.0;inactive
CHEMBL3580698;COc1cc(Nc2c(C3C=Nc4ccccc43)nc3cnccn23)cc(OC)c1OC;11000.0;inactive
CHEMBL47360;O=c1[nH]c(/C=C/c2ccccc2)nc2ccccc12;11000.0;inactive
CHEMBL374404;COc1ccccc1Sc1c[nH]c2ccc(Cl)cc12;11000.0;inactive
CHEMBL2322515;COc1ccc([C@H]2C[C@H]2c2ccc(OC)c(OC)c2OC)cc1N;11200.0;inactive
CHEMBL33;C[C@H]1COc2c(N3CCN(C)CC3)c(F)cc3c(=O)c(C(=O)O)cn1c23;11270.0;inactive
CHEMBL373208;CCOC(=O)c1[nH]c2ccccc2c1Sc1ccccc1OC;12000.0;inactive
CHEMBL3580685;COc1ccc(-c2nc3ccccn3c2Nc2cc(OC)c(OC)c(OC)c2)cc1O;12000.0;inactive
CHEMBL497332;CN(Cc1ccc2nccnc2c1)C(=O)c1ccc(C(=O)C(F)(F)F)s1;12000.0;inactive
CHEMBL4850217;COc1ccc(-c2nc3nccc(-c4cc(OC)c(OC)c(OC)c4)n3n2)cc1N;12200.0;inactive
CHEMBL5188275;COc1cc(Cc2nnc(SCC(=O)c3ccc(C)cc3)n2N)cc(OC)c1OC;12700.0;inactive
CHEMBL5176068;COc1ccc(C(=O)c2cn(CC(=O)Nc3ccc(F)cc3)c3cc(OC)c(OC)cc3c2=O)cc1;12800.0;inactive
CHEMBL3597201;COc1cc(C(=O)c2c(-c3ccccc3)[nH]c3ccc(F)cc23)cc(OC)c1OC;13000.0;inactive
CHEMBL3318110;COc1cc(C(=O)c2ccn(-c3ccccc3C)c2)cc(OC)c1OC;13000.0;inactive
CHEMBL229562;COc1cc(Sc2c[nH]c3ccc(N)cc23)cc(OC)c1OC;13000.0;inactive
CHEMBL5201514;COc1cc2c(=O)c(C(=O)c3ccc(F)cc3)cn(CC(=O)Nc3ccc(F)c(F)c3)c2cc1OC;13100.0;inactive
CHEMBL382619;FC1(F)Oc2ccc(Nc3nnc(-c4cccnc4NCc4ccccn4)o3)cc2O1;13300.0;inactive
CHEMBL3410884;COc1cc(C2=NCC(=O)Nc3cc4c(cc32)OCO4)cc(OC)c1OC;13600.0;inactive
CHEMBL3580699;COc1ccc(Nc2c(-c3cc(OC)c(OC)c(OC)c3)nc3ccccn23)cc1;14000.0;inactive
CHEMBL201631;CCOC(=O)c1[nH]c2cc(OC)c(OC)cc2c1Sc1ccccc1;14000.0;inactive
CHEMBL49911;COc1ccc2nc(CC(c3ccccc3)N3CCCCC3)nc(O)c2c1;14000.0;inactive
CHEMBL2313801;COc1cc(C(=O)c2c(C3=NCCO3)[nH]c3ccccc23)cc(OC)c1OC;14000.0;inactive
CHEMBL3318120;COc1cc(C(=O)c2ccn(-c3ccc(O)cc3)c2)cc(OC)c1OC;15000.0;inactive
CHEMBL222228;c1ccc(Sc2c[nH]c3ccccc23)cc1;15000.0;inactive
CHEMBL264224;COc1ccc(C[C@H]2NC(=O)/C=C/C[C@@H]([C@H](C)[C@H]3O[C@@H]3c3ccccc3)OC(=O)[C@H](CC(C)C)OC(=O)CCNC2=O)cc1;15000.0;inactive
CHEMBL426842;c1cnc(NCC2CCCO2)c(-c2nnc(Nc3ccc4c(c3)OCO4)o2)c1;15500.0;inactive
CHEMBL425789;CC(=O)Nc1ccc(C(=O)/C=C/c2ccccn2)cc1;15700.0;inactive
CHEMBL388176;COc1cc(Sc2c[nH]c3ccc([N+](=O)[O-])cc23)cc(OC)c1OC;16000.0;inactive
CHEMBL3318131;COc1cc(C(=O)c2ccn(S(=O)(=O)c3ccccc3)c2)cc(OC)c1OC;16000.0;inactive
CHEMBL382827;CCOC(=O)c1[nH]c2ccc(OC)cc2c1Sc1ccccc1OC;16000.0;inactive
CHEMBL5088268;COC1=CC[C@@H]([C@@H](C)/C=C(C)/C=C\C=C/C(=O)N[C@H](C(=O)N/C=C(/C)CCOC(N)=O)C(C)(C)C)OC1=O;16000.0;inactive
CHEMBL5190301;CCCCc1ccc2nc(NC(=O)c3ccco3)[nH]c2c1;16170.0;inactive
CHEMBL356370;COc1ccc(Oc2cc(OC)c(OC)c(OC)c2)cc1O;16218.1;inactive
CHEMBL4851330;O=C(Nc1ccc(O)cc1)c1ncc(-c2ccccc2)o1;16700.0;inactive
CHEMBL4530424;COc1ccc2c(O)c(Cc3cc(OC)c(OC)c(OC)c3)ccc2c1;17000.0;inactive
CHEMBL368071;COc1cc2c(c(OC)c1OC)-c1ccc(SC)c(=O)cc1[C@H](OC(=O)C13CCC(C)(C(=O)O1)C3(C)C)CC2;17000.0;inactive
CHEMBL3597189;COc1cc(Cc2c(-c3ccccc3)[nH]c3cccc(Cl)c23)cc(OC)c1OC;17000.0;inactive
CHEMBL49326;Oc1nc(/C=C/c2ccccc2)nc2cc(Cl)ccc12;17000.0;inactive
CHEMBL4174684;N#C/C(=C\c1ccc(Br)cc1)n1nnc2ncccc21;17200.0;inactive
CHEMBL3407749;COc1cc(-c2oc3cc(O)c(OC)c(O)c3c(=O)c2OC)cc(O)c1OC;17800.0;inactive
CHEMBL200062;CC(C)OC(=O)c1[nH]c2ccccc2c1Sc1ccccc1;18000.0;inactive
CHEMBL383230;c1ccc(COc2ncccc2-c2nnc(Nc3ccc4c(c3)OCCO4)o2)nc1;18100.0;inactive
CHEMBL74590;COc1ccc(/C=C\c2ccc(OC)c(OC)c2)cc1;18197.01;inactive
CHEMBL229675;COc1cc(Sc2c[nH]c3ccc(OC(C)C)cc23)cc(OC)c1OC;19000.0;inactive
CHEMBL3407748;COc1ccc(-c2oc3cc(O)c(OC)c(O)c3c(=O)c2OC)cc1OC;19300.0;inactive
CHEMBL4854066;COc1ccc(C(=O)c2cc(OC)c(OC)c(OC)c2)cc1OCC(=O)NO;19600.0;inactive
CHEMBL384281;CN(C)CC(=O)Nc1ccc(C(=O)/C=C/c2ccccn2)cc1;19800.0;inactive
CHEMBL4588790;COc1cc(/C=C2\CCCc3c(ccc(OC)c3[N+](=O)[O-])C2=O)cc(OC)c1OC;20000.0;inactive
CHEMBL4465355;COc1cc(C(=O)c2cn(-c3cccc([N+](=O)[O-])c3)cc2-c2ccccc2)cc(OC)c1OC;20000.0;inactive
CHEMBL4434683;COc1ccc2c(c1O)CCC(=C\c1cc(OC)c(OC)c(OC)c1)/C2=N\O;20000.0;inactive
CHEMBL2313460;COc1cc(Sc2c(C3CCCCC3)[nH]c3ccccc23)cc(OC)c1OC;20000.0;inactive
CHEMBL4586434;COc1cc(C(=O)c2cn(-c3ccccc3N)cc2-c2ccccc2)cc(OC)c1OC;20000.0;inactive
CHEMBL4472034;COc1cc(C(=O)c2cn(-c3ccccc3[N+](=O)[O-])cc2-c2ccccc2)cc(OC)c1OC;20000.0;inactive
CHEMBL4435202;COc1cc(C(=O)c2cn(-c3ccccc3Cl)cc2-c2ccccc2)cc(OC)c1OC;20000.0;inactive
CHEMBL4577759;COc1cc(C(=O)c2cn(-c3ccccc3C)cc2-c2ccccc2)cc(OC)c1OC;20000.0;inactive
CHEMBL4586389;COc1ccc2c(c1Br)CCC(=C\c1cc(OC)c(OC)c(OC)c1)/C2=N\O;20000.0;inactive
CHEMBL4446689;COc1ccc2c(c1Br)CC[C@H]1[C@H](c3cc(OC)c(OC)c(OC)c3)[C@@H]21;20000.0;inactive
CHEMBL4458015;COc1cc(C(=O)c2cn(-c3cc(OC)c(OC)c(OC)c3)cc2-c2ccccc2)cc(OC)c1OC;20000.0;inactive
CHEMBL4440775;COc1ccc2c(c1)CC/C(=C\c1cc(OC)c(OC)c(OC)c1)C2=O;20000.0;inactive
CHEMBL4577401;COc1ccc2c(c1Br)CC/C(=C\c1cc(OC)c(OC)c(OC)c1)C2=O;20000.0;inactive
CHEMBL4470121;COc1ccc2c(c1N)CCC/C(=C\c1cc(OC)c(OC)c(OC)c1)C2=O;20000.0;inactive
CHEMBL4474265;COc1ccc2c(c1O)CCC/C(=C\c1cc(OC)c(OC)c(OC)c1)C2=O;20000.0;inactive
CHEMBL4449212;COc1cc(/C=C2\CCc3c(ccc(OC)c3[N+](=O)[O-])C2=O)cc(OC)c1OC;20000.0;inactive
CHEMBL2313461;COc1cc(C(=O)c2c(C3CCCCC3)[nH]c3ccccc23)cc(OC)c1OC;20000.0;inactive
CHEMBL4435667;COc1ccc2c(c1)CC[C@H]1[C@H](c3cc(OC)c(OC)c(OC)c3)[C@@H]21;20000.0;inactive
CHEMBL3597193;COc1cc(C(=O)c2c(-c3ccccc3)[nH]c3cccc(OC)c23)cc(OC)c1OC;20000.0;inactive
CHEMBL3580689;COc1ccc(-c2nc3sc4ccccc4n3c2Nc2cc(OC)c(OC)c(OC)c2)cc1O;20000.0;inactive
CHEMBL3604212;COc1ccc2c(c1)CCCN2c1cccc2cccnc12;20000.0;inactive
CHEMBL3597198;COc1cc(C(=O)c2c(-c3ccccc3)[nH]c3ccc(Cl)cc23)cc(OC)c1OC;20000.0;inactive
CHEMBL4587831;COc1cc(C(=O)c2cn(-c3ccc(F)cc3)cc2-c2ccc([N+](=O)[O-])cc2)cc(OC)c1OC;20000.0;inactive
CHEMBL4099329;COc1ccc(N(C)c2nc(N)nc3c(Cc4ccccc4)c[nH]c23)cc1;20000.0;inactive
CHEMBL4447382;COc1ccc2c(c1O)CC/C(=C\c1cc(OC)c(OC)c(OC)c1)C2=O;20000.0;inactive
CHEMBL4571671;COc1cc(C(=O)c2cn(-c3cccc(C)c3)cc2-c2ccc([N+](=O)[O-])cc2)cc(OC)c1OC;20000.0;inactive
CHEMBL4563256;COc1cc(C(=O)c2cn(-c3cccc(C)c3)cc2-c2cccc([N+](=O)[O-])c2)cc(OC)c1OC;20000.0;inactive
CHEMBL3597186;COc1cc(C(=O)c2c(-c3ccccc3)[nH]c3cccc(Br)c23)cc(OC)c1OC;20000.0;inactive
CHEMBL4440994;COc1cc(C(=O)c2cn(-c3ccccc3)cc2/C=C/c2ccccc2)cc(OC)c1OC;20000.0;inactive
CHEMBL3597192;COc1cc(Sc2c(-c3ccccc3)[nH]c3cccc(OC)c23)cc(OC)c1OC;20000.0;inactive
CHEMBL4474169;COc1ccc(Br)cc1-c1cn(-c2ccccc2)cc1C(=O)c1cc(OC)c(OC)c(OC)c1;20000.0;inactive
CHEMBL4868716;COc1ccc(Nc2nc(Cl)nc3cnn(C)c23)cc1;20000.0;inactive
CHEMBL4563844;COc1cc(C(=O)c2cn(-c3ccccc3)cc2-c2ccc([N+](=O)[O-])cc2)cc(OC)c1OC;20000.0;inactive
CHEMBL4587523;COc1ccc2c(c1Br)CCC/C(=C\c1cc(OC)c(OC)c(OC)c1)C2=O;20000.0;inactive
CHEMBL4523070;COc1ccc2c(c1)CCC/C(=C\c1cc(OC)c(OC)c(OC)c1)C2=O;20000.0;inactive
CHEMBL4519280;COc1cc(C(=O)c2cn(-c3ccccc3)cc2-c2cccc(Br)c2)cc(OC)c1OC;20000.0;inactive
CHEMBL4450369;COc1ccc2c(c1C#N)CC/C(=C\c1cc(OC)c(OC)c(OC)c1)C2=O;20000.0;inactive
CHEMBL3401785;COC(=O)Nc1nc2ccc(C(=O)c3ccc(O)cc3O)cc2[nH]1;20000.0;inactive
CHEMBL4549184;COc1cc(C(=O)c2cn(-c3ccc(F)cc3)cc2-c2cccc([N+](=O)[O-])c2)cc(OC)c1OC;20000.0;inactive
CHEMBL4453386;COc1ccc2c(c1N)CC/C(=C\c1cc(OC)c(OC)c(OC)c1)C2=O;20000.0;inactive
CHEMBL2313469;COc1cc(C(=O)c2c(-c3ccccn3)[nH]c3ccccc23)cc(OC)c1OC;20000.0;inactive
CHEMBL3347603;COc1cc(/C=C\c2ccc(OC)c(B(O)O)c2)cc(OC)c1;21000.0;inactive
CHEMBL3304686;COc1ccc(N(C)c2nc(C)nc3c(Cc4ccccc4)c[nH]c23)cc1;21000.0;inactive
CHEMBL3407503;COc1cc(-c2oc3cc(O)c(OC)c(O)c3c(=O)c2OC)cc(OC)c1OC;21400.0;inactive
CHEMBL2299096;COc1ccc(C(O)C(O)c2cc(OC)c(OC)c(OC)c2)cc1O;21877.62;inactive
CHEMBL200083;CCOC(=O)c1[nH]c2cc(OC)c(OC)cc2c1Sc1cc(OC)c(OC)c(OC)c1;22000.0;inactive
CHEMBL1096450;COc1ccc(/C=C\c2cc(OC)c(OC)c(OC)c2)cc1B(O)O;22000.0;inactive
CHEMBL36556;COc1ccc([C@H](O)[C@@H](O)c2cc(OC)c(OC)c(OC)c2)cc1O;22000.0;inactive
CHEMBL126094;COc1ccc(/C=C2\Oc3c(cc(OC)c(OC)c3OC)C2=O)cc1O;22000.0;inactive
CHEMBL150438;COc1ccc(OCc2cc(OC)c(OC)c(OC)c2)cc1O;22387.21;inactive
CHEMBL86960;COc1ccc(NCc2cc(OC)c(OC)c(OC)c2)cc1;22908.68;inactive
CHEMBL35769;COC1=CC(=O)N(C(=O)[C@@H](OC(=O)[C@@H]2CCCN2C(=O)[C@@H]2CCCN2C(=O)[C@H](C(C)C)N(C)C(=O)[C@@H](NC(=O)[C@H](C(C)C)N(C)C)C(C)C)C(C)C)[C@H]1Cc1ccccc1;23000.0;inactive
CHEMBL4163335;Cc1ccc(/C=C(\C#N)n2nnc3ncccc32)cc1;23900.0;inactive
CHEMBL74707;COc1ccc(/C=C\c2cc(OC)c(OC(C)=O)c(OC)c2)cc1;23988.33;inactive
CHEMBL210806;COc1cc(/C=C\Cc2cc(O)c3ccsc3c2)cc(OC)c1OC;24600.0;inactive
CHEMBL4542687;CC(=O)Nc1nc2ccc(Sc3nnc4ccc(-c5ccc(F)cc5)nn34)cc2s1;25000.0;inactive
CHEMBL2322517;COc1ccc(C2CC2c2cc(OC)c(OC)c(OC)c2)cc1[N+](=O)[O-];26300.0;inactive
CHEMBL5197653;COc1ccc(-c2csc(Nc3ccc(OC)cc3OC)n2)cc1;26800.0;inactive
CHEMBL87209;COc1cc(/C=C\c2ccc(OC(C)=O)cc2)cc(OC)c1OC;28840.32;inactive
CHEMBL2313484;COc1cc(C(=O)c2c(-c3ccn(S(=O)(=O)c4ccccc4)c3)[nH]c3ccccc23)cc(OC)c1OC;29000.0;inactive
CHEMBL4174066;N#C/C(=C\c1ccc(Br)cc1)n1nnc2cnccc21;29100.0;inactive
CHEMBL204754;c1cnc(NCc2ccncc2)c(-c2nnc(Nc3ccc4c(c3)OCCO4)o2)c1;29900.0;inactive
CHEMBL381330;c1ccc(CNc2ccccc2-c2c[nH]c(Nc3ccc4c(c3)OCCO4)n2)nc1;30000.0;inactive
CHEMBL204853;c1ccc(CNc2ccccc2-c2csc(Nc3ccc4c(c3)OCCO4)n2)nc1;30000.0;inactive
CHEMBL203159;c1ccc(CNc2ncncc2-c2nnc(Nc3ccc4c(c3)OCCO4)o2)nc1;30000.0;inactive
CHEMBL4171238;COc1ccc(/C=C(\C#N)n2nnc3ncccc32)cc1;30000.0;inactive
CHEMBL4167882;COc1cc(/C=C(\C#N)n2nnc3ncccc32)cc(OC)c1OC;30000.0;inactive
CHEMBL4175091;Cc1ccc(/C=C(\C#N)n2nc3cccnc3n2)cc1;30000.0;inactive
CHEMBL4164453;COc1ccc(/C=C(\C#N)n2nc3cccnc3n2)cc1;30000.0;inactive
CHEMBL4171645;Cc1ccc(/C=C(\C#N)n2nnc3cccnc32)cc1;30000.0;inactive
CHEMBL4161042;COc1ccc(/C=C(\C#N)n2nnc3cccnc32)cc1;30000.0;inactive
CHEMBL16947;O=C(/C=C/c1ccccn1)c1ccccc1;30000.0;inactive
CHEMBL4159962;N#C/C(=C\c1ccc2ccccc2c1)n1nnc2ncccc21;30000.0;inactive
CHEMBL4177429;COc1ccc(/C=C(\C#N)n2nnc3cnccc32)cc1;30000.0;inactive
CHEMBL4169577;N#C/C(=C\c1ccc2ccccc2c1)n1nnc2cnccc21;30000.0;inactive
CHEMBL4167247;Cc1ccc(/C=C(\C#N)n2nc3ccncc3n2)cc1;30000.0;inactive
CHEMBL4159334;COc1ccc(/C=C(\C#N)n2nc3ccncc3n2)cc1;30000.0;inactive
CHEMBL4170633;Cc1ccc(/C=C(\C#N)n2nnc3ccncc32)cc1;30000.0;inactive
CHEMBL4162707;COc1ccc(/C=C(\C#N)n2nnc3ccncc32)cc1;30000.0;inactive
CHEMBL204972;c1ccc(CNc2ccncc2-c2nnc(Nc3ccc4c(c3)OCCO4)o2)nc1;30000.0;inactive
CHEMBL382867;FC(F)(F)c1ccc(-c2nnc(Nc3ccc4c(c3)OCCO4)o2)c(NCc2ccccn2)n1;30000.0;inactive
CHEMBL383032;CN1CCCC1NCNc1ncccc1-c1nnc(Nc2ccc3c(c2)OCCO3)o1;30000.0;inactive
CHEMBL204233;CN(c1ccc2c(c1)OCCO2)c1nnc(-c2cccnc2NCc2ccccn2)o1;30000.0;inactive
CHEMBL4166148;Cc1ccc(/C=C(\C#N)n2nnc3cnccc32)cc1;30000.0;inactive
CHEMBL200078;COC(=O)c1[nH]c2ccc(Cl)cc2c1S(=O)(=O)c1cccc(OC)c1;31000.0;inactive
CHEMBL76933;COc1cc(OC)c(-c2oc3ccccc3c(=O)c2O)c(OC)c1;31000.0;inactive
CHEMBL3347552;COc1cc(/C=C/C(=O)c2cc(OC)c(OC)c(OC)c2)ccc1B(O)O;31000.0;inactive
CHEMBL4863787;CN1c2ccccc2C(=O)N2CCc3c([nH]c4ccc(OP(=O)(O)O)cc34)C21;31600.0;inactive
CHEMBL3580692;COc1cc(Nc2c(-c3ccc(Cl)cc3)nc3cnccn23)cc(OC)c1OC;32000.0;inactive
CHEMBL3580694;COc1cc(-c2nc3cnccn3c2Nc2cc(OC)c(OC)c(OC)c2)cc(OC)c1O;34000.0;inactive
CHEMBL3580700;COc1ccc(Nc2c(-c3ccc(OC)cc3)nc3ccccn23)cc1;34000.0;inactive
CHEMBL3580693;COc1cc(Nc2c(-c3ccc(F)cc3)nc3cnccn23)cc(OC)c1OC;36000.0;inactive
CHEMBL3580688;COc1ccc(-c2nc3sccn3c2Nc2cc(OC)c(OC)c(OC)c2)cc1O;36000.0;inactive
CHEMBL208272;Nc1ccccc1C(=O)NC(=O)Nc1ccc(Oc2ncc(Br)cn2)cc1;36000.0;inactive
CHEMBL87162;COc1cc(/C=C\c2ccccc2)cc(OC)c1OC;36307.81;inactive
CHEMBL3580687;COc1ccc(-c2nc3cnccn3c2Nc2cc(OC)c(OC)c(OC)c2)cc1O;38000.0;inactive
CHEMBL3580704;COc1ccc(-c2nc3cccc(C)n3c2Nc2cc(OC)c(OC)c(OC)c2)cc1O;38000.0;inactive
CHEMBL3580697;COc1ccc(Nc2c(-c3ccc(OC)c(O)c3)nc3cnccn23)cc1;38000.0;inactive
CHEMBL3580691;COc1cc(Nc2c(-c3cccc(O)c3)nc3cnccn23)cc(OC)c1OC;39000.0;inactive
CHEMBL376312;COC(=O)c1[nH]c2ccc(Cl)cc2c1Sc1ccc(OC)cc1;40000.0;inactive
CHEMBL373536;COC(=O)c1[nH]c2ccccc2c1S(=O)(=O)c1ccccc1;40000.0;inactive
CHEMBL390534;COC(=O)c1[nH]c2ccc(Cl)cc2c1S(=O)(=O)c1cc(OC)c(OC)c(OC)c1;40000.0;inactive
CHEMBL201898;CCOC(=O)c1[nH]c2ccccc2c1Sc1ccc(OC)cc1;40000.0;inactive
CHEMBL35028;CCCCCCCCCCCCCCCCCCCCCCC(=O)N[C@H]1CCc2cc(OC)c(OC)c(OC)c2-c2ccc(SC)c(=O)cc21;40000.0;inactive
CHEMBL4871731;COc1ccc(-c2cnc(C(=O)Nc3ccc(O)cc3)o2)cc1F;40000.0;inactive
CHEMBL2313475;COc1cc(C(=O)c2c(-c3cccc4ccccc34)[nH]c3ccccc23)cc(OC)c1OC;40000.0;inactive
CHEMBL73991;COc1cc(-c2oc3c(OC)c(OC)cc(O)c3c(=O)c2OC)ccc1O;40000.0;inactive
CHEMBL2313476;COc1cc(Cc2c(-c3cccc4ccccc34)[nH]c3ccccc23)cc(OC)c1OC;40000.0;inactive
CHEMBL59220;COc1cc(-c2oc3c(OC)c(OC)c(OC)c(O)c3c(=O)c2OC)ccc1O;40000.0;inactive
CHEMBL2313478;COc1cc(C(=O)c2c(-c3ccc4ccccc4c3)[nH]c3ccccc23)cc(OC)c1OC;40000.0;inactive
CHEMBL4855814;COc1ccc(-c2cnc(C(=O)Nc3ccc(O)cc3)o2)cc1;40000.0;inactive
CHEMBL77198;COc1ccc2c(=O)c(O)c(-c3ccc(OC)c(OC)c3)oc2c1;40000.0;inactive
CHEMBL276760;Cn1c(-c2ccc(O)cc2)cc(=O)c2ccccc21;40000.0;inactive
CHEMBL2313479;COc1cc(C(O)c2c(-c3ccc4ccccc4c3)[nH]c3ccccc23)cc(OC)c1OC;40000.0;inactive
CHEMBL2313480;COc1cc(Cc2c(-c3ccc4ccccc4c3)[nH]c3ccccc23)cc(OC)c1OC;40000.0;inactive
CHEMBL2313454;COc1cc(Sc2c(-c3csc4ccccc34)[nH]c3ccccc23)cc(OC)c1OC;40000.0;inactive
CHEMBL2313455;COc1cc(Sc2c(-c3ccc(-c4ccccc4)cc3)[nH]c3ccccc23)cc(OC)c1OC;40000.0;inactive
CHEMBL289686;COc1ccc([C@@H](O)[C@H](O)c2cc(OC)c(OC)c(OC)c2)cc1O;40000.0;inactive
CHEMBL422237;COc1ccc(-c2oc3c(OC)c(OC)c(OC)c(O)c3c(=O)c2OC)cc1OC;40000.0;inactive
CHEMBL2313474;COc1cc(Sc2c(-c3cccc4ccccc34)[nH]c3ccccc23)cc(OC)c1OC;40000.0;inactive
CHEMBL77588;COc1ccc(-c2oc3cc(OC)c(OC)c(O)c3c(=O)c2O)cc1O;40000.0;inactive
CHEMBL307856;COc1cc(-c2cc(=O)c3ccccc3o2)cc(OC)c1OC;40000.0;inactive
CHEMBL2313487;COc1cc(Cc2c(-c3ccn(S(=O)(=O)c4ccccc4)c3)[nH]c3ccccc23)cc(OC)c1OC;40000.0;inactive
CHEMBL387560;COc1cc(Sc2c[nH]c3ccc(OCCOCc4ccccc4)cc23)cc(OC)c1OC;40000.0;inactive
CHEMBL78010;COc1ccc(-c2cc(=O)c3c(O)c(OC)c(O)cc3o2)cc1;40000.0;inactive
CHEMBL77156;COc1cc(-c2oc3c(OC)c(O)c(OC)c(O)c3c(=O)c2OC)ccc1O;40000.0;inactive
CHEMBL2313805;COc1cc(Sc2c(C3=NCCN3)[nH]c3ccccc23)cc(OC)c1OC;40000.0;inactive
CHEMBL2313463;COc1ccc(-c2[nH]c3ccccc3c2Sc2cc(OC)c(OC)c(OC)c2)cc1OC(C)C;40000.0;inactive
CHEMBL2313465;COc1ccc(-c2[nH]c3ccccc3c2Sc2cc(OC)c(OC)c(OC)c2)cc1OC;40000.0;inactive
CHEMBL2313467;COc1ccc(-c2[nH]c3ccccc3c2Cc2cc(OC)c(OC)c(OC)c2)cc1;40000.0;inactive
CHEMBL312750;COc1ccc(-c2cc(=O)c3c(O)c(OC)c(O)cc3o2)cc1OC;40000.0;inactive
CHEMBL78167;COc1ccc(-c2oc3cc(OC)c(OC)c(OC)c3c(=O)c2O)cc1O;40000.0;inactive
CHEMBL74675;COc1cc(OC)c2c(=O)c(O)c(-c3ccc(OC)c(OC)c3)oc2c1;40000.0;inactive
CHEMBL77705;COc1cc(-c2cc(=O)c3c(O)c(OC)c(OC)c(OC)c3o2)cc(OC)c1OC;40000.0;inactive
CHEMBL74898;COc1cc(O)c2c(=O)c(OC)c(-c3ccc(OC)c(O)c3)oc2c1;40000.0;inactive
CHEMBL77993;COc1ccc(-c2oc3c(OC)c(OC)c(OC)c(OC)c3c(=O)c2OC)cc1OC;40000.0;inactive
CHEMBL77385;COc1cc(-c2oc3c(OC)c(O)c(OC)c(O)c3c(=O)c2OC)cc(OC)c1OC;40000.0;inactive
CHEMBL35027;CCCCCCCCCCCCCCCC(=O)N[C@H]1CCc2cc(OC)c(OC)c(OC)c2-c2ccc(SC)c(=O)cc21;40000.0;inactive
CHEMBL75978;COc1ccc(-c2cc(=O)c3c(O)c(OC)c(OC)c(OC)c3o2)cc1OC;40000.0;inactive
CHEMBL61609;CSc1ccc2c(cc1=O)[C@@H](NC(C)=O)CCc1cc(O)c(O)c(O)c1-2;40000.0;inactive
CHEMBL297123;Sc1nc(/C=C/c2ccccc2)nc2ccc(Cl)cc12;40000.0;inactive
CHEMBL48188;CCOc1ccc2nc(/C=C/c3ccccc3)nc(O)c2c1;40000.0;inactive
CHEMBL298971;Cc1cccc2nc(/C=C/c3ccccc3)nc(O)c12;40000.0;inactive
CHEMBL49782;Nc1ccccc1C(=O)Oc1ccc2nc(/C=C/c3ccccc3)nc(O)c2c1;40000.0;inactive
CHEMBL50761;Cc1nc(O)c2cc(Cl)ccc2n1;40000.0;inactive
CHEMBL48846;O=S1(=O)N=C(/C=C/c2ccccc2)Nc2ccccc21;40000.0;inactive
CHEMBL301343;Oc1nc(/C=C/c2ccccc2)nc2c(Cl)cccc12;40000.0;inactive
CHEMBL49142;C/C=C/c1nc(O)c2ccccc2n1;40000.0;inactive
CHEMBL49327;Oc1nc(/C=C/c2ccccc2)nc2cccc(Cl)c12;40000.0;inactive
CHEMBL3318130;COc1cc(C(=O)c2ccn(Cc3ccccc3)c2)cc(OC)c1OC;40000.0;inactive
CHEMBL47813;O=c1[nH]c(=O)c2nc(/C=C/c3ccccc3)nc(O)c2[nH]1;40000.0;inactive
CHEMBL3318127;COc1cc(C(=O)c2ccn(-c3cc(OC)c(OC)c(OC)c3)c2)cc(OC)c1OC;40000.0;inactive
CHEMBL46037;Oc1nc(Cc2ccccc2)nc2ccc(Cl)cc12;40000.0;inactive
CHEMBL203996;Nc1ccccc1C(=O)NC(=O)Nc1ccc(Sc2ncc(Br)cn2)cc1;40000.0;inactive
CHEMBL49534;Oc1nc(C#Cc2ccccc2)nc2ccc(Cl)cc12;40000.0;inactive
CHEMBL49389;Cn1c(/C=C/c2ccccc2)nc(=O)c2cc(Cl)ccc21;40000.0;inactive
CHEMBL296732;Oc1nc(/C=C/c2ccccc2)nc2cc(N3CCCCC3)c(F)cc12;40000.0;inactive
CHEMBL432119;Oc1ccc2nc(/C=C/c3ccccc3)nc(O)c2c1;40000.0;inactive
CHEMBL49470;O=c1c2cc(Cl)ccc2nc2n1NC(c1ccccc1)C2;40000.0;inactive
CHEMBL3318086;COc1cc(C(=O)c2cc[nH]c2)cc(OC)c1OC;40000.0;inactive
CHEMBL45876;Oc1nc(CC(c2ccccc2)N2CCOCC2)nc2ccc(Cl)cc12;40000.0;inactive
CHEMBL48706;CCN(CC)CCCC(C)Nc1nc(/C=C/c2ccccc2)nc2ccc(Cl)cc12;40000.0;inactive
CHEMBL381320;O=C(OCc1ccccc1)c1[nH]c2ccccc2c1Sc1ccccc1;40000.0;inactive
CHEMBL199392;COC(=O)c1[nH]c2ccc(Cl)cc2c1S(=O)(=O)c1ccc(OC)cc1;40000.0;inactive
CHEMBL201286;CC(C)CCOC(=O)c1[nH]c2ccccc2c1Sc1ccccc1;40000.0;inactive
CHEMBL203412;CC(C)(C)OC(=O)c1[nH]c2ccccc2c1Sc1ccccc1;40000.0;inactive
CHEMBL373225;CCC(C)OC(=O)c1[nH]c2ccccc2c1Sc1ccccc1;40000.0;inactive
CHEMBL199514;CCCCOC(=O)c1[nH]c2ccccc2c1Sc1ccccc1;40000.0;inactive
CHEMBL201740;COC(=O)c1[nH]c2cc(OC)ccc2c1Sc1ccccc1;40000.0;inactive
CHEMBL3597195;COc1cc(C(=O)c2c(-c3ccccc3)[nH]c3ccc(Br)cc23)cc(OC)c1OC;40000.0;inactive
CHEMBL197661;COC(=O)c1[nH]c2ccc(OC)cc2c1S(=O)(=O)c1ccccc1;40000.0;inactive
CHEMBL372986;COC(=O)c1[nH]c2cccc(OC)c2c1Sc1ccccc1;40000.0;inactive
CHEMBL200978;CCOC(=O)c1[nH]c2ccc(OC)cc2c1Sc1ccc(OC)cc1;40000.0;inactive
CHEMBL3580690;COc1ccc(-c2nc3cnccn3c2Nc2cc(OC)c(OC)c(OC)c2)cc1;40000.0;inactive
CHEMBL201183;CCOC(=O)c1[nH]c2cc(OC)c(OC)cc2c1S(=O)(=O)c1ccccc1;40000.0;inactive
CHEMBL201451;COC(=O)c1[nH]c2cc(OC)c(OC)cc2c1Sc1cc(OC)c(OC)c(OC)c1;40000.0;inactive
CHEMBL4170134;COc1ccc(-c2sc3cc4c(cc3c2C(=O)c2cc(OC)c(OC)c(OC)c2)OCO4)cc1O;40000.0;inactive
CHEMBL273425;COc1ccc(-c2sc3cc(OC)ccc3c2C(=O)c2cc(OC)c(OC)c(OC)c2)cc1;40000.0;inactive
CHEMBL383538;CCCOC(=O)c1[nH]c2ccccc2c1Sc1ccccc1;40000.0;inactive
CHEMBL297379;Oc1nc(/C=C/c2ccccc2)nc2sccc12;40000.0;inactive
CHEMBL47353;Oc1nc(/C=C/c2ccccc2)nc2ccc3ncccc3c12;40000.0;inactive
CHEMBL199747;COC(=O)c1[nH]c2ccc(Cl)cc2c1S(=O)(=O)c1ccccc1OC;40000.0;inactive
CHEMBL46351;Oc1nc(/C=C/c2ccccc2)nc2cc(Cl)c(F)cc12;40000.0;inactive
CHEMBL58069;CSc1ccc2c(cc1=O)[C@@H](NC(=O)c1cc(O)c(O)c(O)c1)CCc1cc(O)c(O)c(O)c1-2;40000.0;inactive
CHEMBL294164;CSc1ccc2c(cc1=O)[C@@H](NC(=O)c1ccc(CBr)cc1)CCc1cc(O)c(O)c(O)c1-2;40000.0;inactive
CHEMBL445096;CSc1ccc2c(cc1=O)[C@@H](NC(=O)c1ccccc1[N+](=O)[O-])CCc1cc(O)c(O)c(O)c1-2;40000.0;inactive
CHEMBL58428;CSc1ccc2c(cc1=O)[C@@H](NC(=O)C13CC4CC(CC(C4)C1)C3)CCc1cc(O)c(O)c(O)c1-2;40000.0;inactive
CHEMBL58503;CSc1ccc2c(cc1=O)[C@@H](NC(=O)c1ccc(N)cc1)CCc1cc(O)c(O)c(O)c1-2;40000.0;inactive
CHEMBL292398;CSc1ccc2c(cc1=O)[C@@H](NC(=O)c1ccc(NC(=O)C34CCC(C)(C(=O)O3)C4(C)C)cc1)CCc1cc(O)c(O)c(O)c1-2;40000.0;inactive
CHEMBL3318087;COc1cc(C(=O)c2ccn(C)c2)cc(OC)c1OC;40000.0;inactive
CHEMBL294836;CCC(=O)Oc1cc2c(c(OC(=O)CC)c1OC(=O)CC)-c1ccc(SC)c(=O)cc1[C@@H](NC(=O)c1ccc([N+](=O)[O-])cc1)CC2;40000.0;inactive
CHEMBL58440;CSc1ccc2c(cc1=O)[C@@H](NC(=O)c1cc([N+](=O)[O-])cc([N+](=O)[O-])c1)CCc1cc(O)c(O)c(O)c1-2;40000.0;inactive
CHEMBL433835;CSc1ccc2c(cc1=O)[C@@H](NC(=O)c1ccc([N+](=O)[O-])cc1)CCc1cc(OC(=O)C(C)C)c(OC(=O)C(C)C)c(OC(=O)C(C)C)c1-2;40000.0;inactive
CHEMBL293815;CSc1ccc2c(cc1=O)[C@@H](NC(=O)c1ccc([N+](=O)[O-])cc1)CCc1cc(O)c(O)c(O)c1-2;40000.0;inactive
CHEMBL553116;Br.CSc1ccc2c(cc1=O)[C@@H](NC(=O)c1ccc(N)cc1)CCc1cc(O)c(O)c(O)c1-2;40000.0;inactive
CHEMBL293561;CSc1ccc2c(cc1=O)[C@@H](NC(=O)C13CCC(C)(C(=O)O1)C3(C)C)CCc1cc(O)c(O)c(O)c1-2;40000.0;inactive
CHEMBL558424;Br.CSc1ccc2c(cc1=O)[C@@H](N)CCc1cc(O)c(O)c(O)c1-2;40000.0;inactive
CHEMBL292980;CSc1ccc2c(cc1=O)[C@@H](NC(=O)c1ccc([N+](=O)[O-])cc1)CCc1cc(OC(C)=O)c(OC(C)=O)c(OC(C)=O)c1-2;40000.0;inactive
CHEMBL61707;CCCCCC(=O)N[C@H]1CCc2cc(O)c(O)c(O)c2-c2ccc(SC)c(=O)cc21;40000.0;inactive
CHEMBL59083;COC(=O)Oc1cc2c(c(OC(=O)OC)c1OC(=O)OC)-c1ccc(SC)c(=O)cc1[C@@H](NC(=O)c1ccc([N+](=O)[O-])cc1)CC2;40000.0;inactive
CHEMBL300544;CSc1ccc2c(cc1=O)[C@@H](NC(=O)c1cccc([N+](=O)[O-])c1)CCc1cc(O)c(O)c(O)c1-2;40000.0;inactive
CHEMBL300164;CSc1ccc2c(cc1=O)[C@@H](NC(=O)c1ccc(Cl)cc1)CCc1cc(O)c(O)c(O)c1-2;40000.0;inactive
CHEMBL298793;O=c1oc(/C=C/c2ccccc2)nc2c(O)nc(O)nc12;40000.0;inactive
CHEMBL298094;CN1CCN(c2cc3nc(/C=C/c4ccccc4)nc(O)c3cc2F)CC1;40000.0;inactive
CHEMBL3347553;COc1cc(C(=O)/C=C/c2cc(OC)c(OC)c(OC)c2)ccc1B(O)O;40000.0;inactive
CHEMBL194094;COc1cc(C(=O)/C=C/c2cc(OC)c(OC)c(OC)c2)ccc1O;40000.0;inactive
CHEMBL378835;CC[C@@]1(C)Oc2cc(ccc2OC)[C@@H](O)[C@H](NC)C(=O)N[C@@H](C(C)C)C(=O)N[C@@H]1C(=O)NCC(=O)O;40000.0;inactive
CHEMBL46226;Nn1c(/C=C/c2ccccc2)nc2ccc(Cl)cc2c1=O;40000.0;inactive
CHEMBL49208;C/C=C/c1nc(O)c2cc(Cl)ccc2n1;40000.0;inactive
CHEMBL45988;Cc1nc(/C=C/c2ccccc2)nc(O)c1C;40000.0;inactive
CHEMBL37785;CCCCCCCCCC(=O)N[C@H]1CCc2cc(OC)c(OC)c(OC)c2-c2ccc(SC)c(=O)cc21;40000.0;inactive
CHEMBL298228;Nc1ccc2nc(/C=C/c3ccccc3)nc(O)c2c1;40000.0;inactive
CHEMBL61082;CSc1ccc2c(cc1=O)[C@@H](NC(=O)c1ccc(F)cc1)CCc1cc(O)c(O)c(O)c1-2;40000.0;inactive
CHEMBL46301;Oc1nc(/C=C/c2ccccn2)nc2ccc(Cl)cc12;40000.0;inactive
CHEMBL3580702;COc1ccc(Nc2c(-c3cccc(O)c3)nc3ccccn23)cc1;42000.0;inactive
CHEMBL3580695;COc1ccc(Nc2c(-c3ccc(F)cc3)nc3cnccn23)cc1;44000.0;inactive
CHEMBL3580696;COc1ccc(Nc2c(-c3ccc(Cl)cc3)nc3cnccn23)cc1;46000.0;inactive
CHEMBL3580701;COc1ccc(Nc2c(-c3cccc(B(O)O)c3)nc3ccccn23)cc1;48000.0;inactive
CHEMBL89124;CCCCCCCc1cccc(CC/C=C\[C@@H]2CSC([C@@H]3C[C@@H]3C)=N2)c1;50000.0;inactive
CHEMBL303103;COc1ccc([C@H]2OCO[C@@H]2c2cc(OC)c(OC)c(OC)c2)cc1O;50000.0;inactive
CHEMBL124392;COc1cc2c(c(OC)c1OC)C(=O)/C(=C/c1ccc(O)c(O)c1)O2;50000.0;inactive
CHEMBL88531;CC(C)=C/C=C/CC/C=C\[C@@H]1CSC([C@@H]2C[C@@H]2C)=N1;50000.0;inactive
CHEMBL91881;CCCCCCCCCCCC/C=C\[C@@H]1CSC([C@@H]2C[C@@H]2C)=N1;50000.0;inactive
CHEMBL448780;CC(=O)O[C@@]12COC1C[C@H](O)[C@@]1(C)C(=O)[C@H](O)C3=C(C)[C@@H](OC(=O)[C@H](O)[C@@H](NC(=O)OC(C)(C)C)c4ccccc4)C[C@@](O)([C@@H](OC(=O)CN)C21)C3(C)C;51000.0;inactive
CHEMBL3580703;COc1ccc(Nc2c(-c3ccc(OC)c(O)c3)nc3ncccn23)cc1;54000.0;inactive
CHEMBL4530175;COc1ccc(/C=C(\C)C(=O)c2cc(OC)c(OC)c(OC)c2)cc1OCCCC(=O)NO;54500.0;inactive
CHEMBL10127;COc1ccc(CCCCc2cc(OC)c(OC)c(OC)c2)cc1O;54954.09;inactive
CHEMBL377133;COc1cc2c(c(OC)c1OC)-c1ccc(=O)c(OC)cc1[C@@H](NS(=O)(=O)c1ccccc1[N+](=O)[O-])CC2;58000.0;inactive
CHEMBL377460;COc1cc2c(c(OC)c1OC)-c1ccc(=O)c(OC)cc1[C@@H](NS(=O)(=O)c1ccc([N+](=O)[O-])cc1[N+](=O)[O-])CC2;59000.0;inactive
CHEMBL208046;COc1cc2c(c(OC)c1OC)-c1ccc(=O)c(OC)cc1[C@@H](NCC(C)=O)CC2;68000.0;inactive
CHEMBL3347573;COc1cc(/C=C\c2ccc(B(O)O)cc2)cc(OC)c1;79000.0;inactive
CHEMBL2369020;C=CC[C@@H](CC/C(C)=C/C=C/CC/C=C\[C@@H]1CSC([C@@H]2C[C@@H]2C)=N1)OC(=O)c1ccccc1;80000.0;inactive
CHEMBL56241;C=CC[C@@H](CC/C(C)=C/C=C/CCCO)OC;80000.0;inactive
CHEMBL386980;Brc1ccc(Nc2nc(-n3cnc4ccccc43)cs2)cc1;100000.0;inactive
CHEMBL3347575;COc1cc(/C=C\c2cccc(B(O)O)c2)cc(OC)c1;100000.0;inactive
CHEMBL3347560;COc1cc(/C=C\c2ccc(B(O)O)cc2)cc(OC)c1OC;100000.0;inactive
CHEMBL166221;COc1ccc(C[C@H]2NC(=O)/C=C/C[C@@H]([C@H](C)[C@@H]3O[C@@H]3c3ccc(C(=O)c4ccccc4)cc3)OC(=O)[C@H](CC(C)C)OC(=O)CCNC2=O)cc1;100000.0;inactive
CHEMBL3347604;COc1ccc(/C=C\c2cc(OC)c(OC)c(OC)c2)cc1C(=O)O;100000.0;inactive
CHEMBL3347574;COc1cc(/C=C\c2cccc(B(O)O)c2)cc(OC)c1OC;100000.0;inactive
CHEMBL2299099;COc1cc2ccc3cc(O)c(C)cc3c2c(OC)c1OC;100000.0;inactive
CHEMBL61;COc1cc([C@@H]2c3cc4c(cc3[C@H](O)[C@H]3COC(=O)[C@H]23)OCO4)cc(OC)c1OC;460000.0;inactive
CHEMBL67;COc1ccc(/C=C\c2cc(OC)c(OC)c(OC)c2)cc1O;530000.0;inactive
CHEMBL7976;O=C(/C=C/c1ccccc1)c1ccccc1;620000.0;inactive
CHEMBL18869;COc1cccc(-c2nc(O)c3cc(OC)ccc3n2)c1;4900000.0;inactive
CHEMBL278647;COc1cccc(-c2nc(O)c3cc(OC)c(OC)cc3n2)c1;6500000.0;inactive
CHEMBL18670;COc1cccc(-c2nc(O)c3ccccc3n2)c1;8600000.0;inactive
CHEMBL276943;COc1cc2nc(-c3ccccc3F)nc(O)c2cc1OC;40000000.0;inactive
CHEMBL18290;COc1cc2nc(-c3cccc(F)c3)nc(O)c2cc1OC;40000000.0;inactive
CHEMBL18753;COc1cc2nc(-c3ccc(F)cc3)nc(O)c2cc1OC;40000000.0;inactive
CHEMBL18258;Oc1nc(-c2ccccc2F)nc2ccccc12;40000000.0;inactive
CHEMBL18847;Oc1nc(-c2ccc3ccccc3c2)nc2ccccc12;40000000.0;inactive
CHEMBL18974;COc1cc2nc(-c3ccc4ccccc4c3)nc(O)c2cc1OC;40000000.0;inactive
CHEMBL18688;Oc1nc(-c2ccc(F)cc2)nc2ccccc12;40000000.0;inactive
CHEMBL273327;Oc1nc(-c2cccc(F)c2)nc2ccccc12;40000000.0;inactive
